City_ID,City,Country,Date,Lat,Lng,Max Temp,Humidity,Cloudiness,Wind Speed,Weather Discription
0,Kudymkar,RU,2022-07-28 19:53:19,59.0173,54.656,57.06,79,7,1.9,clear sky
1,Doha,QA,2022-07-28 19:48:29,25.2867,51.5333,89.58,79,20,11.5,few clouds
2,Ancud,CL,2022-07-28 19:53:20,-41.8697,-73.8203,47.52,79,100,4.97,overcast clouds
3,Katsuura,JP,2022-07-28 19:50:42,35.1333,140.3,79.38,91,64,8.99,broken clouds
4,Tuktoyaktuk,CA,2022-07-28 19:49:43,69.4541,-133.0374,44.6,93,100,10.36,light rain
5,Busselton,AU,2022-07-28 19:53:21,-33.65,115.3333,59.81,83,100,18.52,overcast clouds
6,Port Alfred,ZA,2022-07-28 19:53:22,-33.5906,26.891,63.18,86,1,14.07,clear sky
7,Bairiki,KI,2022-07-28 19:53:22,1.3292,172.9752,80.6,83,20,9.22,few clouds
8,Albany,US,2022-07-28 19:50:23,42.6001,-73.9662,90.05,56,100,7.49,overcast clouds
9,Jiaocheng,CN,2022-07-28 19:53:23,24.6774,116.1389,75.65,89,66,1.19,broken clouds
10,Mataura,NZ,2022-07-28 19:49:01,-46.1927,168.8643,47.48,98,100,3.13,overcast clouds
11,Torbay,CA,2022-07-28 19:53:24,47.6666,-52.7314,62.76,89,100,16.11,mist
12,Tuatapere,NZ,2022-07-28 19:53:25,-46.1333,167.6833,40.05,91,91,2.77,overcast clouds
13,Puerto Ayora,EC,2022-07-28 19:49:03,-0.7393,-90.3518,78.76,93,77,8.99,broken clouds
14,Butaritari,KI,2022-07-28 19:50:28,3.0707,172.7902,81.93,72,41,15.32,scattered clouds
15,Innisfail,AU,2022-07-28 19:49:06,-17.5333,146.0333,59.85,79,25,4.88,scattered clouds
16,Champerico,GT,2022-07-28 19:53:26,14.3,-91.9167,88.34,74,100,9.37,overcast clouds
17,Bredasdorp,ZA,2022-07-28 19:50:04,-34.5322,20.0403,52.81,74,0,6.33,clear sky
18,Livingston,GB,2022-07-28 19:50:23,55.9029,-3.5226,59.27,79,20,6.91,few clouds
19,Punta Arenas,CL,2022-07-28 19:53:27,-53.15,-70.9167,44.71,81,75,28.77,light intensity shower rain
20,Upernavik,GL,2022-07-28 19:53:11,72.7868,-56.1549,43.05,69,100,5.75,overcast clouds
21,Southend-On-Sea,GB,2022-07-28 19:53:28,51.5378,0.7143,65.89,63,0,8.05,clear sky
22,Kapaa,US,2022-07-28 19:53:28,22.0752,-159.319,80.19,78,33,1.99,scattered clouds
23,Saint-Philippe,RE,2022-07-28 19:53:29,-21.3585,55.7679,67.21,84,4,8.86,clear sky
24,Jamestown,US,2022-07-28 19:50:25,42.097,-79.2353,82.06,42,20,16.11,few clouds
25,Chuy,UY,2022-07-28 19:49:08,-33.6971,-53.4616,50.32,89,100,14.76,overcast clouds
26,Bar Harbor,US,2022-07-28 19:53:30,44.3876,-68.2039,82.94,54,0,14.97,clear sky
27,Atuona,PF,2022-07-28 19:53:30,-9.8,-139.0333,76.73,77,28,24.96,light rain
28,Nong Phai,TH,2022-07-28 19:53:31,15.9903,101.0618,78.49,85,83,0.63,broken clouds
29,Kahului,US,2022-07-28 19:48:48,20.8947,-156.47,84.97,63,20,12.66,few clouds
30,Severo-Kurilsk,RU,2022-07-28 19:53:32,50.6789,156.125,52.77,92,100,9.06,overcast clouds
31,Rikitea,PF,2022-07-28 19:53:32,-23.1203,-134.9692,73.45,73,91,21.36,overcast clouds
32,Meulaboh,ID,2022-07-28 19:49:43,4.1363,96.1285,75.61,89,100,2.19,light rain
33,Santa Cruz,BO,2022-07-28 19:52:33,-17.8,-63.1667,87.85,45,40,23.02,scattered clouds
34,Kirakira,SB,2022-07-28 19:53:33,-10.4544,161.9205,79.05,85,79,8.88,broken clouds
35,Qaanaaq,GL,2022-07-28 19:53:34,77.484,-69.3632,41.22,68,11,2.95,few clouds
36,Cape Town,ZA,2022-07-28 19:52:23,-33.9258,18.4232,60.89,81,75,19.57,broken clouds
37,Vaini,TO,2022-07-28 19:53:35,-21.2,-175.2,73.56,100,20,6.91,few clouds
38,Lokoja,NG,2022-07-28 19:51:23,7.8024,6.743,73.29,94,100,6.69,light rain
39,Broome,US,2022-07-28 19:53:35,42.2506,-75.833,81.59,68,31,4.0,scattered clouds
40,Hutchinson,US,2022-07-28 19:49:51,38.0608,-97.9298,73.35,88,20,5.75,few clouds
41,Hami,CN,2022-07-28 19:50:50,42.8,93.45,86.86,11,46,14.61,scattered clouds
42,Hilo,US,2022-07-28 19:53:36,19.7297,-155.09,85.28,85,14,3.0,few clouds
43,Labuhan,ID,2022-07-28 19:53:37,-6.8844,112.2051,75.65,86,68,7.76,broken clouds
44,Quime,BO,2022-07-28 19:53:38,-16.9833,-67.2167,65.12,25,48,7.27,scattered clouds
45,Barrow,US,2022-07-28 19:53:10,71.2906,-156.7887,33.4,99,100,12.33,light snow
46,Tarakan,ID,2022-07-28 19:53:38,3.3,117.6333,76.95,83,99,5.77,overcast clouds
47,Barcelos,PT,2022-07-28 19:53:39,41.5388,-8.6151,72.91,76,0,8.16,clear sky
48,Pringsewu,ID,2022-07-28 19:49:09,-5.3582,104.9744,75.56,92,100,0.74,overcast clouds
49,Lasa,IT,2022-07-28 19:53:39,46.6166,10.7002,70.68,94,98,2.44,overcast clouds
50,Georgetown,MY,2022-07-28 19:52:18,5.4112,100.3354,80.89,85,20,4.61,few clouds
51,Mount Isa,AU,2022-07-28 19:53:40,-20.7333,139.5,47.97,46,2,8.05,clear sky
52,Marsa Matruh,EG,2022-07-28 19:48:55,31.3525,27.2453,80.8,74,0,5.75,clear sky
53,Padang,ID,2022-07-28 19:53:41,-0.9492,100.3543,78.31,85,100,4.16,moderate rain
54,Port Elizabeth,ZA,2022-07-28 19:51:52,-33.918,25.5701,61.09,96,0,4.61,clear sky
55,Santa Rita,BR,2022-07-28 19:53:42,-7.1139,-34.9781,83.07,65,20,13.8,few clouds
56,Nome,US,2022-07-28 19:50:32,64.5011,-165.4064,56.16,76,0,4.61,clear sky
57,Santa Isabel,BR,2022-07-28 19:53:37,-23.3156,-46.2214,79.9,35,62,6.31,broken clouds
58,Ribeira Brava,PT,2022-07-28 19:53:43,32.65,-17.0667,75.7,84,1,1.83,clear sky
59,Kaitangata,NZ,2022-07-28 19:53:44,-46.2817,169.8464,41.77,92,100,8.77,overcast clouds
60,Dikson,RU,2022-07-28 19:53:44,73.5069,80.5464,43.39,100,100,15.93,overcast clouds
61,Carnarvon,AU,2022-07-28 19:48:52,-24.8667,113.6333,70.07,55,100,6.98,light rain
62,Ushuaia,AR,2022-07-28 19:53:45,-54.8,-68.3,46.06,53,75,17.27,broken clouds
63,Kamienna Gora,PL,2022-07-28 19:53:45,50.7831,16.0304,62.01,59,65,3.15,broken clouds
64,Dharchula,IN,2022-07-28 19:53:46,29.85,80.5333,71.56,94,99,0.49,heavy intensity rain
65,San Policarpo,PH,2022-07-28 19:49:28,12.1791,125.5072,79.43,87,100,7.65,moderate rain
66,Itarema,BR,2022-07-28 19:53:47,-2.9248,-39.9167,80.51,71,35,16.67,scattered clouds
67,Robertsport,LR,2022-07-28 19:53:48,6.7533,-11.3686,76.77,72,98,14.85,overcast clouds
68,Leningradskiy,RU,2022-07-28 19:53:48,69.3833,178.4167,39.69,79,95,6.22,overcast clouds
69,Ribeira Grande,PT,2022-07-28 19:53:49,38.5167,-28.7,75.6,69,75,5.75,broken clouds
70,Chokurdakh,RU,2022-07-28 19:49:06,70.6333,147.9167,49.44,48,100,12.48,overcast clouds
71,Iglesias,IT,2022-07-28 19:53:50,39.3114,8.535,80.33,67,0,5.14,clear sky
72,Vanimo,PG,2022-07-28 19:53:50,-2.6741,141.3028,76.21,91,38,5.3,scattered clouds
73,Nizhniy Ingash,RU,2022-07-28 19:53:51,56.2,96.53,55.31,94,100,4.52,overcast clouds
74,Vossevangen,NO,2022-07-28 19:53:52,60.623,6.4229,61.54,67,21,3.44,few clouds
75,Meiganga,CM,2022-07-28 19:53:52,6.5167,14.3,65.23,100,100,0.87,heavy intensity rain
76,Komsomolskiy,UZ,2022-07-28 19:53:53,40.4272,71.7189,88.52,20,100,11.5,overcast clouds
77,Andenes,NO,2022-07-28 19:53:53,69.3143,16.1194,53.92,82,75,3.44,broken clouds
78,Gallup,US,2022-07-28 19:53:30,35.5281,-108.7426,73.02,60,100,4.61,overcast clouds
79,Nemuro,JP,2022-07-28 19:53:54,43.3236,145.575,59.38,94,83,4.81,broken clouds
80,Kargopol,RU,2022-07-28 19:53:55,61.5071,38.9456,64.35,99,100,4.38,overcast clouds
81,Chardara,KZ,2022-07-28 19:53:56,41.2547,67.9692,76.96,37,1,4.05,clear sky
82,Sal Rei,CV,2022-07-28 19:53:56,16.1833,-22.9167,80.8,83,75,13.8,broken clouds
83,Poniatowa,PL,2022-07-28 19:53:57,51.1798,22.1309,60.71,57,3,7.0,clear sky
84,Zhoucheng,CN,2022-07-28 19:53:57,35.9122,116.3117,73.2,94,35,4.18,scattered clouds
85,Palmer,US,2022-07-28 19:53:58,42.1584,-72.3287,89.65,60,75,13.8,broken clouds
86,Hobart,AU,2022-07-28 19:53:58,-42.8794,147.3294,42.66,84,75,11.5,broken clouds
87,Clyde River,CA,2022-07-28 19:53:59,70.4692,-68.5914,39.43,100,100,13.8,light rain
88,Bijawar,IN,2022-07-28 19:53:59,24.6333,79.5,78.31,82,100,4.32,overcast clouds
89,Havoysund,NO,2022-07-28 19:52:37,70.9963,24.6622,50.23,83,56,11.1,broken clouds
90,Qaqortoq,GL,2022-07-28 19:54:00,60.7167,-46.0333,47.35,70,48,5.03,scattered clouds
91,Kloulklubed,PW,2022-07-28 19:50:42,7.0419,134.2556,82.9,74,100,5.5,overcast clouds
92,Lebu,CL,2022-07-28 19:54:01,-37.6167,-73.65,52.43,78,0,14.45,clear sky
93,Pilar,BR,2022-07-28 19:54:01,-9.5972,-35.9567,76.93,94,47,5.86,scattered clouds
94,Airai,TL,2022-07-28 19:54:02,-8.9266,125.4092,51.17,80,76,3.85,broken clouds
95,New Norfolk,AU,2022-07-28 19:54:03,-42.7826,147.0587,42.3,84,7,4.23,clear sky
96,Novobirilyussy,RU,2022-07-28 19:54:03,56.9514,90.6661,55.99,94,92,3.67,overcast clouds
97,Tiksi,RU,2022-07-28 19:50:31,71.6872,128.8694,51.6,91,91,5.28,overcast clouds
98,Daloa,CI,2022-07-28 19:54:04,6.8774,-6.4502,71.73,85,25,2.95,scattered clouds
99,Guerrero Negro,MX,2022-07-28 19:54:05,27.9769,-114.0611,79.21,55,21,13.94,few clouds
100,Cidreira,BR,2022-07-28 19:54:05,-30.1811,-50.2056,65.25,93,100,9.95,moderate rain
101,Yellowknife,CA,2022-07-28 19:49:12,62.456,-114.3525,64.92,68,75,10.36,broken clouds
102,Popondetta,PG,2022-07-28 19:54:06,-8.7537,148.2534,72.12,89,44,2.82,scattered clouds
103,Khatanga,RU,2022-07-28 19:54:06,71.9667,102.5,59.31,69,53,5.06,broken clouds
104,Saint-Pierre,RE,2022-07-28 19:51:37,-21.3393,55.4781,68.92,81,0,6.91,clear sky
105,Dicabisagan,PH,2022-07-28 19:51:37,17.0818,122.4157,78.94,90,100,4.56,overcast clouds
106,Zaprudnya,RU,2022-07-28 19:54:07,56.5667,37.4333,61.81,96,100,8.52,overcast clouds
107,Kodiak,US,2022-07-28 19:54:08,57.79,-152.4072,59.22,58,6,2.42,clear sky
108,Port Lincoln,AU,2022-07-28 19:54:09,-34.7333,135.8667,52.68,84,98,13.22,overcast clouds
109,Harper,LR,2022-07-28 19:54:09,4.375,-7.7169,74.8,77,100,7.52,overcast clouds
110,Palana,RU,2022-07-28 19:54:10,59.1167,159.9667,48.2,73,89,2.37,overcast clouds
111,College,US,2022-07-28 19:52:54,64.8569,-147.8028,63.0,65,40,0.0,scattered clouds
112,Castro,BR,2022-07-28 19:50:31,-24.7911,-50.0119,68.83,54,100,8.08,overcast clouds
113,Touho,NC,2022-07-28 19:54:11,-20.7833,165.2333,68.61,76,28,10.31,scattered clouds
114,Ulladulla,AU,2022-07-28 19:54:12,-35.35,150.4667,47.48,83,89,6.51,overcast clouds
115,Tukrah,LY,2022-07-28 19:54:12,32.5341,20.5791,80.2,75,0,4.74,clear sky
116,Naze,JP,2022-07-28 19:54:13,28.3667,129.4833,79.72,81,24,13.33,few clouds
117,Nabinagar,BD,2022-07-28 19:54:14,23.8917,90.9733,82.54,79,100,4.81,overcast clouds
118,Lorengau,PG,2022-07-28 19:51:41,-2.0226,147.2712,80.94,81,70,13.98,broken clouds
119,Hereford,GB,2022-07-28 19:54:14,52.0568,-2.7148,69.33,69,99,5.55,overcast clouds
120,Souillac,MU,2022-07-28 19:51:09,-20.5167,57.5167,70.18,78,75,6.91,broken clouds
121,Kifri,IQ,2022-07-28 19:54:15,34.6959,44.9661,94.86,9,0,10.76,clear sky
122,Rio Gallegos,AR,2022-07-28 19:54:16,-51.6226,-69.2181,44.65,65,0,37.98,clear sky
123,Bluff,NZ,2022-07-28 19:50:13,-46.6,168.3333,47.8,75,100,11.74,overcast clouds
124,Whitehorse,CA,2022-07-28 19:51:02,60.7161,-135.0538,57.09,71,75,4.61,broken clouds
125,Makakilo City,US,2022-07-28 19:54:17,21.3469,-158.0858,82.15,58,75,5.75,broken clouds
126,Kodinsk,RU,2022-07-28 19:54:18,58.6881,99.1844,60.08,97,100,2.77,light rain
127,Isangel,VU,2022-07-28 19:52:48,-19.55,169.2667,74.34,89,100,11.18,overcast clouds
128,Saint Andrews,US,2022-07-28 19:54:19,34.0454,-81.1293,95.86,52,75,9.22,broken clouds
129,Sisimiut,GL,2022-07-28 19:53:06,66.9395,-53.6735,44.65,76,100,5.86,overcast clouds
130,Sandnessjoen,NO,2022-07-28 19:54:20,66.0217,12.6316,54.12,83,75,8.05,broken clouds
131,Pemangkat,ID,2022-07-28 19:54:20,1.1667,108.9667,78.35,85,91,2.21,overcast clouds
132,Camargo,MX,2022-07-28 19:54:21,27.6667,-105.1667,88.21,31,95,5.06,overcast clouds
133,Batagay,RU,2022-07-28 19:52:45,67.6333,134.6333,70.54,65,99,2.24,overcast clouds
134,Carutapera,BR,2022-07-28 19:51:45,-1.195,-46.02,81.16,78,24,7.09,few clouds
135,Watertown,US,2022-07-28 19:52:15,42.3709,-71.1828,88.57,68,75,16.11,broken clouds
136,Kabinda,CD,2022-07-28 19:54:22,-6.1333,24.4833,70.36,32,99,1.7,overcast clouds
137,Gull Lake,CA,2022-07-28 19:54:23,50.1001,-108.4847,81.21,25,0,3.91,clear sky
138,Macenta,GN,2022-07-28 19:54:23,8.5435,-9.471,68.85,98,90,3.8,overcast clouds
139,Mananara,MG,2022-07-28 19:54:24,-16.1667,49.7667,66.09,94,58,4.59,light rain
140,Constitucion,CL,2022-07-28 19:52:51,-35.3333,-72.4167,58.28,62,0,13.44,clear sky
141,Alofi,NU,2022-07-28 19:54:25,-19.0595,-169.9187,75.09,83,20,11.5,few clouds
142,Bengkulu,ID,2022-07-28 19:54:26,-3.8004,102.2655,75.29,90,87,5.14,overcast clouds
143,Mena,UA,2022-07-28 19:54:26,51.5217,32.2157,60.48,67,12,2.46,few clouds
144,Ixtapa,MX,2022-07-28 19:50:49,20.7,-105.2,89.22,61,62,5.01,broken clouds
145,Bonito,BR,2022-07-28 19:54:27,-21.1211,-56.4819,92.52,17,20,9.26,few clouds
146,Saskylakh,RU,2022-07-28 19:54:27,71.9167,114.0833,61.2,82,100,6.11,light rain
147,Quatre Cocos,MU,2022-07-28 19:54:28,-20.2078,57.7625,69.91,76,5,11.27,clear sky
148,Tual,ID,2022-07-28 19:54:28,-5.6667,132.75,78.19,86,78,22.82,broken clouds
149,Port-Gentil,GA,2022-07-28 19:54:29,-0.7193,8.7815,75.16,83,40,8.05,scattered clouds
150,Klaksvik,FO,2022-07-28 19:54:29,62.2266,-6.589,52.72,91,84,15.01,broken clouds
151,Sitka,US,2022-07-28 19:49:50,57.0531,-135.33,58.89,88,100,3.44,mist
152,Cherskiy,RU,2022-07-28 19:49:54,68.75,161.3,53.74,50,7,4.0,clear sky
153,Vieques,PR,2022-07-28 19:54:30,18.425,-65.8329,89.85,66,40,18.41,scattered clouds
154,Flinders,AU,2022-07-28 19:52:37,-34.5833,150.8552,50.18,83,61,5.99,broken clouds
155,Fort Nelson,CA,2022-07-28 19:54:31,58.8053,-122.7002,71.19,53,100,9.22,smoke
156,Shubarshi,KZ,2022-07-28 19:54:31,48.5872,57.1869,76.24,47,58,6.35,broken clouds
157,Lompoc,US,2022-07-28 19:54:32,34.6391,-120.4579,86.02,72,0,14.97,mist
158,Lubango,AO,2022-07-28 19:54:32,-14.9172,13.4925,57.16,50,13,3.85,few clouds
159,Vardo,NO,2022-07-28 19:51:17,70.3705,31.1107,49.98,87,100,16.11,overcast clouds
160,San Quintin,MX,2022-07-28 19:54:33,30.4833,-115.95,74.26,66,9,12.82,clear sky
161,Aswan,EG,2022-07-28 19:52:02,24.0934,32.907,99.7,12,0,9.22,clear sky
162,Laguna,US,2022-07-28 19:54:34,38.421,-121.4238,95.02,34,0,5.75,clear sky
163,Bethel,US,2022-07-28 19:54:34,41.3712,-73.414,90.05,71,100,1.99,overcast clouds
164,Victoria,HK,2022-07-28 19:52:09,22.2855,114.1577,87.33,79,100,4.0,overcast clouds
165,Port Hardy,CA,2022-07-28 19:51:21,50.6996,-127.4199,66.38,77,0,4.61,clear sky
166,Tessalit,ML,2022-07-28 19:50:56,20.1986,1.0114,95.56,23,91,11.41,overcast clouds
167,San Cristobal,VE,2022-07-28 19:54:36,7.7669,-72.225,73.58,60,99,6.8,overcast clouds
168,Kajaani,FI,2022-07-28 19:51:59,64.2273,27.7285,59.05,67,0,8.05,clear sky
169,Iisaku,EE,2022-07-28 19:54:36,59.1014,27.3081,55.81,92,73,7.11,broken clouds
170,Provideniya,RU,2022-07-28 19:54:37,64.3833,-173.3,48.96,84,97,3.78,overcast clouds
171,Hithadhoo,MV,2022-07-28 19:54:37,-0.6,73.0833,82.18,74,100,11.72,overcast clouds
172,Dickinson,US,2022-07-28 19:54:38,29.4608,-95.0513,97.99,59,20,13.8,few clouds
173,Kununurra,AU,2022-07-28 19:52:39,-15.7667,128.7333,51.78,87,19,2.3,few clouds
174,Luderitz,NA,2022-07-28 19:54:39,-26.6481,15.1594,54.52,86,60,2.68,broken clouds
175,Walvis Bay,NA,2022-07-28 19:54:39,-22.9575,14.5053,54.09,82,6,4.61,clear sky
176,Tekkali,IN,2022-07-28 19:54:40,18.6167,84.2333,80.98,82,32,4.23,scattered clouds
177,Bahia Honda,CU,2022-07-28 19:54:40,22.9036,-83.1592,88.25,62,11,15.79,few clouds
178,Tarko-Sale,RU,2022-07-28 19:54:41,64.9225,77.785,58.3,69,16,6.58,few clouds
179,Mahebourg,MU,2022-07-28 19:50:01,-20.4081,57.7,70.09,78,75,6.91,broken clouds
180,Hofn,IS,2022-07-28 19:54:42,64.2539,-15.2082,51.44,93,100,1.74,overcast clouds
181,Ribnitz-Damgarten,DE,2022-07-28 19:54:43,54.25,12.4667,61.09,100,13,5.61,few clouds
182,Mokhsogollokh,RU,2022-07-28 19:54:43,61.4681,128.9203,67.37,70,27,1.61,scattered clouds
183,Churapcha,RU,2022-07-28 19:54:44,62.0025,132.4325,67.68,61,5,3.78,clear sky
184,Sao Desiderio,BR,2022-07-28 19:54:44,-12.3633,-44.9733,88.56,19,0,2.35,clear sky
185,East London,ZA,2022-07-28 19:50:09,-33.0153,27.9116,69.85,57,15,16.93,few clouds
186,Augustow,PL,2022-07-28 19:54:45,53.8432,22.9798,55.81,95,12,5.91,few clouds
187,Tunkas,MX,2022-07-28 19:54:46,20.9,-88.75,95.14,43,64,4.47,broken clouds
188,Richards Bay,ZA,2022-07-28 19:54:46,-28.783,32.0377,66.97,79,1,14.38,clear sky
189,Hermanus,ZA,2022-07-28 19:51:39,-34.4187,19.2345,57.63,74,0,13.47,clear sky
190,Lundazi,ZM,2022-07-28 19:54:47,-12.2929,33.1782,56.93,65,5,4.03,clear sky
191,Itacare,BR,2022-07-28 19:54:48,-14.2775,-38.9967,72.5,78,3,5.57,clear sky
192,Nikolskoye,RU,2022-07-28 19:51:52,59.7035,30.7861,61.81,78,100,3.74,overcast clouds
193,Bethanien,NA,2022-07-28 19:54:48,-26.502,17.1583,50.2,34,72,6.26,broken clouds
194,Cabo San Lucas,MX,2022-07-28 19:50:42,22.8909,-109.9124,93.61,59,18,5.99,few clouds
195,Yatou,CN,2022-07-28 19:54:49,37.15,122.3833,75.97,97,37,8.3,scattered clouds
196,Onega,RU,2022-07-28 19:54:50,63.9061,38.1404,62.53,85,81,4.34,broken clouds
197,Yumen,CN,2022-07-28 19:50:00,40.2833,97.2,76.84,13,82,9.42,broken clouds
198,Beatrice,US,2022-07-28 19:54:51,40.2681,-96.747,82.18,47,0,4.61,clear sky
199,Henties Bay,NA,2022-07-28 19:54:51,-22.116,14.2845,54.3,89,35,7.49,scattered clouds
200,Avarua,CK,2022-07-28 19:54:52,-21.2078,-159.775,77.05,83,40,23.02,scattered clouds
201,Kiunga,PG,2022-07-28 19:54:52,-6.1219,141.2906,73.76,99,95,2.75,overcast clouds
202,Betare Oya,CM,2022-07-28 19:54:53,5.6,14.0833,66.63,98,100,3.71,moderate rain
203,Inta,RU,2022-07-28 19:54:53,66.0317,60.1659,60.85,59,95,9.62,overcast clouds
204,Husavik,IS,2022-07-28 19:54:54,66.0449,-17.3389,52.14,77,25,7.49,scattered clouds
205,Manakara,MG,2022-07-28 19:54:54,-22.1333,48.0167,65.23,90,45,2.46,light rain
206,Norman Wells,CA,2022-07-28 19:54:55,65.282,-126.8329,60.84,63,75,6.91,broken clouds
207,Wewak,PG,2022-07-28 19:54:56,-3.5534,143.6268,78.64,86,91,9.33,overcast clouds
208,Homer,US,2022-07-28 19:54:56,59.6425,-151.5483,66.78,66,12,4.07,few clouds
209,Nuuk,GL,2022-07-28 19:54:57,64.1835,-51.7216,44.29,79,41,8.46,scattered clouds
210,Vila Do Maio,CV,2022-07-28 19:54:57,15.1333,-23.2167,90.39,83,3,18.32,clear sky
211,Lagoa,PT,2022-07-28 19:54:58,39.05,-27.9833,72.34,74,3,4.18,clear sky
212,Akdepe,TM,2022-07-28 19:54:59,42.0551,59.3788,84.29,29,4,9.4,clear sky
213,Krasnoselkup,RU,2022-07-28 19:50:20,65.7,82.4667,52.21,82,0,9.35,clear sky
214,Alpena,US,2022-07-28 19:50:08,45.0617,-83.4327,81.18,53,75,12.66,broken clouds
215,Sampit,ID,2022-07-28 19:55:00,-2.5333,112.95,73.26,99,66,2.13,broken clouds
216,Ponta Do Sol,PT,2022-07-28 19:53:12,32.6667,-17.1,75.7,81,1,2.93,clear sky
217,Riviere-Au-Renard,CA,2022-07-28 19:55:01,48.9957,-64.3971,73.69,76,63,10.0,broken clouds
218,Saldanha,ZA,2022-07-28 19:52:33,-33.0117,17.9442,59.05,87,14,11.16,few clouds
219,Batticaloa,LK,2022-07-28 19:53:14,7.7102,81.6924,79.56,82,100,5.84,heavy intensity rain
220,Tepetitlan,MX,2022-07-28 19:55:02,19.6333,-99.9167,64.13,69,76,1.54,broken clouds
221,Oum Hadjer,TD,2022-07-28 19:55:02,13.2954,19.6966,80.01,69,45,10.67,scattered clouds
222,Kruisfontein,ZA,2022-07-28 19:55:03,-34.0033,24.7314,59.85,65,0,7.76,clear sky
223,Margate,GB,2022-07-28 19:50:46,51.3813,1.3862,65.89,70,100,4.0,overcast clouds
224,Yulara,AU,2022-07-28 19:55:04,-25.2406,130.9889,47.59,34,89,9.66,overcast clouds
225,Yar-Sale,RU,2022-07-28 19:55:04,66.8333,70.8333,62.08,63,96,5.64,overcast clouds
226,Glace Bay,CA,2022-07-28 19:55:05,46.1969,-59.957,75.85,67,40,8.05,scattered clouds
227,Geraldton,AU,2022-07-28 19:55:05,-28.7667,114.6,57.61,94,40,10.36,scattered clouds
228,Okhotsk,RU,2022-07-28 19:50:48,59.3833,143.3,58.96,88,8,6.89,clear sky
229,Shumskiy,RU,2022-07-28 19:55:07,54.8318,99.1328,57.49,89,100,3.56,overcast clouds
230,Ilulissat,GL,2022-07-28 19:55:07,69.2167,-51.1,45.66,62,96,7.0,overcast clouds
231,Boyolangu,ID,2022-07-28 19:55:08,-8.1181,111.8935,71.85,94,100,1.77,overcast clouds
232,Muhos,FI,2022-07-28 19:51:34,64.808,25.9931,58.78,86,75,5.93,broken clouds
233,Fortuna Foothills,US,2022-07-28 19:55:09,32.6578,-114.4119,96.85,28,0,13.8,clear sky
234,Lavrentiya,RU,2022-07-28 19:55:09,65.5833,-171.0,43.7,88,100,4.94,overcast clouds
235,Bubaque,GW,2022-07-28 19:55:10,11.2833,-15.8333,79.99,83,45,12.88,scattered clouds
236,Nalut,LY,2022-07-28 19:55:11,30.3333,10.85,93.96,15,50,7.14,scattered clouds
237,Cape Girardeau,US,2022-07-28 19:55:11,37.3834,-89.7168,84.79,73,100,4.0,overcast clouds
238,Sangar,RU,2022-07-28 19:55:12,63.9242,127.4739,65.97,73,6,1.12,clear sky
239,Varhaug,NO,2022-07-28 19:55:12,58.6147,5.6457,59.7,80,4,6.29,clear sky
240,Ostrovnoy,RU,2022-07-28 19:53:19,68.0531,39.5131,50.25,90,69,14.29,broken clouds
241,Tonekabon,IR,2022-07-28 19:55:13,36.8163,50.8738,76.95,89,82,4.41,light rain
242,Bandarbeyla,SO,2022-07-28 19:50:29,9.4942,50.8122,76.6,81,59,26.87,broken clouds
243,Sorong,ID,2022-07-28 19:50:14,-0.8833,131.25,77.61,86,71,4.63,broken clouds
244,Geneva,US,2022-07-28 19:51:08,41.8875,-88.3054,81.79,53,0,13.8,clear sky
245,Aklavik,CA,2022-07-28 19:52:02,68.2191,-135.0107,50.0,93,100,2.3,overcast clouds
246,Sorkjosen,NO,2022-07-28 19:55:15,69.8,20.9333,51.8,76,100,0.0,overcast clouds
247,Shediac,CA,2022-07-28 19:55:15,46.2198,-64.5411,77.52,61,75,10.36,broken clouds
248,Novopokrovka,UA,2022-07-28 19:55:16,49.8425,36.5477,66.72,84,94,7.56,overcast clouds
249,Kultayevo,RU,2022-07-28 19:55:17,57.8943,55.9392,62.58,77,0,4.47,clear sky
250,Palu,ID,2022-07-28 19:55:18,-0.8917,119.8707,74.61,96,51,2.86,broken clouds
251,Pacific Grove,US,2022-07-28 19:55:18,36.6177,-121.9166,82.22,85,40,10.36,scattered clouds
252,Necochea,AR,2022-07-28 19:51:54,-38.5473,-58.7368,47.95,83,100,21.54,overcast clouds
253,Grajau,BR,2022-07-28 19:55:19,-5.8194,-46.1386,94.53,25,0,3.13,clear sky
254,Omboue,GA,2022-07-28 19:55:20,-1.5746,9.2618,71.82,84,89,5.84,overcast clouds
255,Ahipara,NZ,2022-07-28 19:55:20,-35.1667,173.1667,56.3,73,99,10.71,overcast clouds
256,Sao Jose Da Coroa Grande,BR,2022-07-28 19:53:06,-8.8978,-35.1478,76.12,82,18,5.68,few clouds
257,Sinnamary,GF,2022-07-28 19:55:21,5.3833,-52.95,81.0,82,77,8.37,broken clouds
258,Isla Mujeres,MX,2022-07-28 19:55:21,21.2311,-86.731,89.65,71,79,9.82,broken clouds
259,Coihaique,CL,2022-07-28 19:55:22,-45.5752,-72.0662,46.35,53,75,11.5,broken clouds
260,Sur,OM,2022-07-28 19:55:23,22.5667,59.5289,82.51,72,100,16.26,overcast clouds
261,Iqaluit,CA,2022-07-28 19:55:23,63.7506,-68.5145,56.93,62,100,5.75,overcast clouds
262,Vila Velha,BR,2022-07-28 19:55:24,-20.3297,-40.2925,78.75,79,20,17.27,few clouds
263,Longyearbyen,SJ,2022-07-28 19:50:55,78.2186,15.6401,42.64,81,75,18.41,broken clouds
264,Toora-Khem,RU,2022-07-28 19:55:25,52.4675,96.11,46.89,92,43,1.99,scattered clouds
265,Korla,CN,2022-07-28 19:55:25,41.7597,86.1469,90.88,16,99,15.79,overcast clouds
266,Dakar,SN,2022-07-28 19:50:46,14.6937,-17.4441,84.33,74,40,18.41,scattered clouds
267,Los Llanos De Aridane,ES,2022-07-28 19:55:26,28.6585,-17.9182,72.12,84,20,18.41,few clouds
268,Naryan-Mar,RU,2022-07-28 19:55:27,67.6713,53.087,64.36,96,98,4.63,light rain
269,Caravelas,BR,2022-07-28 19:55:27,-17.7125,-39.2481,72.7,72,0,6.38,clear sky
270,Raudeberg,NO,2022-07-28 19:55:28,61.9875,5.1352,59.67,79,26,15.32,scattered clouds
271,Yongan,CN,2022-07-28 19:55:29,39.6957,113.6871,63.95,73,6,4.61,clear sky
272,Derazhnya,UA,2022-07-28 19:55:29,49.2692,27.4338,63.66,56,0,8.28,clear sky
273,Koshurnikovo,RU,2022-07-28 19:55:30,54.1667,93.3,49.82,93,34,2.82,scattered clouds
274,Marzuq,YE,2022-07-28 19:55:30,14.4,46.4667,84.33,43,99,5.99,overcast clouds
275,Ust-Kuyga,RU,2022-07-28 19:55:31,70.0167,135.6,65.23,94,100,5.57,light rain
276,Turkmenabat,TM,2022-07-28 19:55:31,39.0733,63.5786,84.18,30,0,4.61,clear sky
277,Venice,US,2022-07-28 19:52:20,27.0998,-82.4543,96.06,64,0,9.22,clear sky
278,Mar Del Plata,AR,2022-07-28 19:54:54,-38.0023,-57.5575,50.09,96,100,18.41,heavy intensity drizzle
279,Jiayuguan,CN,2022-07-28 19:55:32,39.8167,98.3,75.56,18,3,11.07,clear sky
280,Zhezkazgan,KZ,2022-07-28 19:55:33,47.8043,67.7144,70.29,59,12,14.99,few clouds
281,Azacualpa,HN,2022-07-28 19:55:33,15.3433,-88.5514,83.05,62,99,4.21,overcast clouds
282,Dunedin,NZ,2022-07-28 19:55:34,-45.8742,170.5036,44.8,75,100,4.0,light rain
283,Codrington,AU,2022-07-28 19:55:35,-38.2667,141.9667,44.92,77,13,5.17,few clouds
284,Beihai,CN,2022-07-28 19:55:36,21.4833,109.1,84.69,74,80,8.08,broken clouds
285,Suicheng,CN,2022-07-28 19:55:36,33.8963,117.9331,74.41,96,100,3.71,moderate rain
286,Arraial Do Cabo,BR,2022-07-28 19:55:37,-22.9661,-42.0278,84.16,57,0,13.8,clear sky
287,Perth,AU,2022-07-28 19:55:37,-31.9333,115.8333,61.09,96,75,11.5,light rain
288,Puri,IN,2022-07-28 19:55:38,19.8,85.85,82.92,76,100,11.25,overcast clouds
289,Saint Anthony,US,2022-07-28 19:54:47,45.0205,-93.218,76.78,52,86,1.99,overcast clouds
290,Faanui,PF,2022-07-28 19:55:39,-16.4833,-151.75,79.39,71,1,24.65,light rain
291,Dawlatabad,AF,2022-07-28 19:55:39,36.4141,64.9053,84.29,22,0,1.3,clear sky
292,Tokur,RU,2022-07-28 19:55:40,53.1333,132.9,60.71,97,100,2.62,overcast clouds
293,Fairbanks,US,2022-07-28 19:51:32,64.8378,-147.7164,63.01,65,20,5.01,few clouds
294,Nanortalik,GL,2022-07-28 19:55:40,60.1432,-45.2371,45.43,81,39,6.78,scattered clouds
295,Tura,IN,2022-07-28 19:52:12,25.5198,90.2201,74.19,92,24,2.48,few clouds
296,Bumba,CD,2022-07-28 19:55:41,2.1833,22.4667,72.64,87,100,2.51,overcast clouds
297,Turan,VN,2022-07-28 19:54:04,16.0678,108.2208,78.78,89,20,3.44,few clouds
298,Cap Malheureux,MU,2022-07-28 19:52:21,-19.9842,57.6142,68.47,77,2,1.01,clear sky
299,Concordia,AR,2022-07-28 19:55:42,-31.393,-58.0209,60.87,51,20,21.0,few clouds
300,Kavieng,PG,2022-07-28 19:51:28,-2.5744,150.7967,80.83,79,57,17.34,light rain
301,Westport,US,2022-07-28 19:55:43,41.1415,-73.3579,91.31,61,100,4.0,overcast clouds
302,Pietersburg,ZA,2022-07-28 19:55:43,-23.9045,29.4688,50.85,76,0,2.3,clear sky
303,Riachao Das Neves,BR,2022-07-28 19:55:44,-11.7461,-44.91,86.76,22,0,5.7,clear sky
304,Esperance,AU,2022-07-28 19:55:45,-33.8667,121.9,57.16,81,1,12.37,clear sky
305,Bilma,NE,2022-07-28 19:55:46,18.6853,12.9164,95.81,25,100,9.1,overcast clouds
306,Tocache,PE,2022-07-28 19:55:46,-8.1842,-76.5125,87.58,48,26,3.56,scattered clouds
307,Chaoyang,CN,2022-07-28 19:55:47,41.5703,120.4586,68.77,97,100,3.91,moderate rain
308,Ubauro,PK,2022-07-28 19:55:48,28.1652,69.7289,87.31,66,100,13.69,heavy intensity rain
309,Bambous Virieux,MU,2022-07-28 19:55:48,-20.3428,57.7575,70.05,78,75,6.91,broken clouds
310,Comodoro Rivadavia,AR,2022-07-28 19:50:57,-45.8667,-67.5,51.66,37,0,35.68,clear sky
311,Talnakh,RU,2022-07-28 19:54:05,69.4865,88.3972,52.21,75,0,8.72,clear sky
312,Shache,CN,2022-07-28 19:55:49,38.4167,77.2406,83.71,20,92,7.87,overcast clouds
313,Marquette,US,2022-07-28 19:55:50,46.5333,-87.6335,69.24,62,43,13.42,scattered clouds
314,Komatipoort,ZA,2022-07-28 19:51:19,-25.4332,31.9548,58.05,91,0,2.93,clear sky
315,Djambala,CG,2022-07-28 19:55:50,-2.5447,14.7533,75.09,43,97,4.23,overcast clouds
316,Sola,VU,2022-07-28 19:55:51,-13.8833,167.55,80.17,78,72,14.88,broken clouds
317,Bilibino,RU,2022-07-28 19:54:38,68.0546,166.4372,50.99,54,11,4.23,few clouds
318,Bereda,ES,2022-07-28 19:55:52,43.2686,-7.5406,68.41,94,12,2.73,few clouds
319,Savyntsi,UA,2022-07-28 19:55:52,49.4026,37.0627,68.67,79,90,10.63,overcast clouds
320,Bahia Blanca,AR,2022-07-28 19:55:53,-38.7196,-62.2724,53.26,46,0,10.02,clear sky
321,Saint-Joseph,RE,2022-07-28 19:55:54,-21.3667,55.6167,66.2,82,2,9.22,clear sky
322,Razole,IN,2022-07-28 19:55:54,16.4833,81.8333,80.11,84,32,1.77,scattered clouds
323,Saurimo,AO,2022-07-28 19:55:55,-9.6608,20.3916,66.52,27,57,3.89,broken clouds
324,Pangnirtung,CA,2022-07-28 19:55:55,66.1451,-65.7125,50.0,93,100,16.11,fog
325,Gigmoto,PH,2022-07-28 19:55:56,13.7796,124.39,80.94,84,100,4.54,light rain
326,Mahenge,TZ,2022-07-28 19:55:57,-8.6833,36.7167,65.57,50,92,2.68,overcast clouds
327,Vostochnyy,RU,2022-07-28 19:55:57,55.8167,37.8667,67.3,93,100,10.71,overcast clouds
328,Hambantota,LK,2022-07-28 19:53:35,6.1241,81.1185,78.48,87,100,5.48,overcast clouds
329,Sao Filipe,CV,2022-07-28 19:55:58,14.8961,-24.4956,79.38,79,32,11.5,scattered clouds
330,Eydhafushi,MV,2022-07-28 19:55:59,5.1033,73.0708,81.48,77,95,15.55,overcast clouds
331,Srikakulam,IN,2022-07-28 19:52:06,18.3,83.9,81.68,79,9,5.01,clear sky
332,Elban,RU,2022-07-28 19:56:00,50.1018,136.5094,67.42,98,100,0.74,overcast clouds
333,Beringovskiy,RU,2022-07-28 19:56:00,63.05,179.3167,49.41,81,100,8.01,overcast clouds
334,Salalah,OM,2022-07-28 19:56:00,17.0151,54.0924,74.95,93,90,5.84,overcast clouds
335,Thaba-Tseka,LS,2022-07-28 19:56:01,-29.522,28.6084,44.4,71,37,5.99,scattered clouds
336,Huaraz,PE,2022-07-28 19:56:01,-9.5333,-77.5333,67.1,22,3,2.15,clear sky
337,Bud,US,2022-07-28 19:56:02,39.447,-86.1758,88.93,56,52,5.41,broken clouds
338,San Patricio,US,2022-07-28 19:56:03,28.017,-97.5169,99.18,41,61,18.86,broken clouds
339,Salamanca,ES,2022-07-28 19:56:03,40.8333,-6.0,80.74,36,0,9.46,clear sky
340,Oktyabrskiy,RU,2022-07-28 19:56:04,54.4815,53.471,58.37,82,100,3.71,overcast clouds
341,Paita,PE,2022-07-28 19:56:04,-5.0892,-81.1144,70.88,70,5,16.37,clear sky
342,Belyy Yar,RU,2022-07-28 19:56:05,53.6039,91.3903,57.09,77,0,6.71,clear sky
343,Hervey Bay,AU,2022-07-28 19:56:06,-25.2986,152.8535,56.14,82,0,9.08,clear sky
344,Glendive,US,2022-07-28 19:56:07,47.1053,-104.7125,81.48,27,2,4.0,clear sky
345,Tazovskiy,RU,2022-07-28 19:56:07,67.4667,78.7,51.85,94,24,7.47,few clouds
346,Arlit,NE,2022-07-28 19:56:08,18.7369,7.3853,86.63,48,100,28.41,overcast clouds
347,Blythe,US,2022-07-28 19:54:18,33.6103,-114.5964,93.04,21,40,10.16,scattered clouds
348,Noumea,NC,2022-07-28 19:54:59,-22.2763,166.4572,69.01,99,36,7.92,scattered clouds
349,Abu Kamal,SY,2022-07-28 19:56:09,34.4506,40.9171,95.25,12,0,6.53,clear sky
350,Alice Town,BS,2022-07-28 19:56:10,25.7167,-79.3,83.39,71,0,14.58,clear sky
351,Lusambo,CD,2022-07-28 19:56:10,-4.9667,23.45,75.4,37,29,1.81,scattered clouds
352,Rawson,AR,2022-07-28 19:56:11,-43.3002,-65.1023,52.79,51,5,19.42,clear sky
353,Oranjemund,NA,2022-07-28 19:52:04,-28.55,16.4333,54.18,91,25,7.99,scattered clouds
354,Bonavista,CA,2022-07-28 19:56:12,48.6499,-53.1147,54.66,87,98,16.87,overcast clouds
355,Methoni,GR,2022-07-28 19:56:13,36.8197,21.7049,85.21,74,0,7.67,clear sky
356,Cockburn Town,TC,2022-07-28 19:54:42,21.4612,-71.1419,84.16,70,40,17.27,scattered clouds
357,Havre-Saint-Pierre,CA,2022-07-28 19:56:14,50.2334,-63.5986,64.76,77,100,14.97,overcast clouds
358,Wenling,CN,2022-07-28 19:56:14,28.3669,121.36,76.73,87,0,2.91,clear sky
359,Kota Kinabalu,MY,2022-07-28 19:56:15,5.9749,116.0724,76.98,94,20,3.0,few clouds
360,Gat,IL,2022-07-28 19:56:15,31.61,34.7642,83.39,100,0,5.12,clear sky
361,Corral Nuevo,MX,2022-07-28 19:56:16,18.1146,-95.1154,87.06,64,54,1.1,broken clouds
362,Matagami,CA,2022-07-28 19:56:16,49.7502,-77.6328,62.71,82,75,13.8,moderate rain
363,Tasiilaq,GL,2022-07-28 19:52:14,65.6145,-37.6368,38.7,94,100,3.94,overcast clouds
364,Ucluelet,CA,2022-07-28 19:54:33,48.9329,-125.5528,64.71,76,39,7.67,scattered clouds
365,Bathsheba,BB,2022-07-28 19:56:18,13.2167,-59.5167,88.41,78,40,20.71,scattered clouds
366,Umm Kaddadah,SD,2022-07-28 19:56:18,13.6017,26.6876,84.52,49,100,11.56,light rain
367,Batagay-Alyta,RU,2022-07-28 19:56:19,67.8006,130.4114,71.65,63,63,1.86,broken clouds
368,Siirt,TR,2022-07-28 19:56:19,37.9326,41.9403,80.73,15,0,3.04,clear sky
369,Thompson,CA,2022-07-28 19:55:50,55.7435,-97.8558,73.56,38,20,8.05,few clouds
370,Palatka,US,2022-07-28 19:56:20,29.6486,-81.6376,96.12,47,100,1.99,overcast clouds
371,Sivaki,RU,2022-07-28 19:56:20,52.6333,126.75,63.95,99,100,4.76,overcast clouds
372,Oksfjord,NO,2022-07-28 19:56:21,70.2396,22.3479,51.87,85,68,4.9,broken clouds
373,Celestun,MX,2022-07-28 19:56:21,20.8667,-90.4,87.84,64,33,14.32,scattered clouds
374,Fortuna,US,2022-07-28 19:51:57,40.5982,-124.1573,73.92,72,0,10.36,clear sky
375,Tando Muhammad Khan,PK,2022-07-28 19:56:22,25.123,68.5358,82.27,78,97,15.95,overcast clouds
376,Broken Hill,AU,2022-07-28 19:56:23,-31.95,141.4333,45.0,52,100,6.85,overcast clouds
377,Kharp,RU,2022-07-28 19:55:43,66.8014,65.8081,60.75,66,98,3.22,overcast clouds
378,Brae,GB,2022-07-28 19:56:24,60.3964,-1.353,55.04,78,100,9.15,overcast clouds
379,Santa Fe,AR,2022-07-28 19:56:24,-31.6333,-60.7,66.0,33,0,15.01,light rain
380,Corowa,AU,2022-07-28 19:56:25,-36.0333,146.3833,36.41,91,0,5.79,clear sky
381,Nehe,CN,2022-07-28 19:56:25,48.4833,124.8333,66.25,96,100,5.01,light rain
382,Petropavlovsk-Kamchatskiy,RU,2022-07-28 19:56:26,53.0452,158.6483,52.39,100,75,4.47,fog
383,Balkanabat,TM,2022-07-28 19:56:26,39.5108,54.3671,86.38,50,9,7.63,clear sky
384,Teluknaga,ID,2022-07-28 19:56:26,-6.0989,106.6381,82.44,83,40,6.91,scattered clouds
385,Ouadda,CF,2022-07-28 19:56:27,8.0777,22.4007,66.51,99,100,3.94,overcast clouds
386,Porto Walter,BR,2022-07-28 19:56:27,-8.2686,-72.7439,91.35,39,13,2.64,few clouds
387,Bella Vista,US,2022-07-28 19:56:28,36.4295,-94.2316,88.05,73,0,4.61,clear sky
388,Asyut,EG,2022-07-28 19:56:29,27.181,31.1837,93.38,14,0,6.4,clear sky
389,Kidal,ML,2022-07-28 19:56:29,18.4411,1.4078,86.13,50,83,18.72,light rain
390,Sadovoye,RU,2022-07-28 19:56:29,47.7764,44.5089,84.6,35,99,3.8,overcast clouds
391,Sena Madureira,BR,2022-07-28 19:56:30,-9.0656,-68.6569,96.01,25,9,2.19,clear sky
392,Talara,PE,2022-07-28 19:56:30,-4.5772,-81.2719,74.16,64,0,14.97,clear sky
393,Kenai,US,2022-07-28 19:52:12,60.5544,-151.2583,67.03,50,0,6.91,clear sky
394,Sibolga,ID,2022-07-28 19:52:45,1.7427,98.7792,76.08,90,100,2.62,overcast clouds
395,Beloha,MG,2022-07-28 19:56:31,-25.1667,45.05,63.59,84,4,11.52,clear sky
396,Saint George,US,2022-07-28 19:56:32,37.1041,-113.5841,95.25,36,19,5.01,few clouds
397,Nabire,ID,2022-07-28 19:56:32,-3.3667,135.4833,74.88,92,59,3.36,broken clouds
398,Novouzensk,RU,2022-07-28 19:56:33,50.4592,48.1431,77.02,55,53,7.54,broken clouds
399,Hisor,TJ,2022-07-28 19:56:34,38.525,68.5512,82.15,28,1,4.83,clear sky
400,Fredericksburg,US,2022-07-28 19:56:34,38.3032,-77.4605,90.61,66,40,11.5,scattered clouds
401,Chicama,PE,2022-07-28 19:51:36,-7.8447,-79.1469,59.54,59,40,10.02,scattered clouds
402,Hyeres,FR,2022-07-28 19:56:35,43.1167,6.1167,83.05,54,0,5.75,clear sky
403,Northam,GB,2022-07-28 19:56:35,51.0333,-4.2167,63.61,84,15,6.53,few clouds
404,Camana,PE,2022-07-28 19:56:36,-16.6228,-72.7111,64.26,75,10,13.06,clear sky
405,Krasnoturansk,RU,2022-07-28 19:56:37,54.3186,91.5639,56.03,77,76,3.33,broken clouds
406,Maamba,ZM,2022-07-28 19:56:37,-17.3667,27.15,60.26,49,2,3.65,clear sky
407,Bitam,GA,2022-07-28 19:56:38,2.076,11.5007,67.44,98,100,2.62,light rain
408,Kichera,RU,2022-07-28 19:56:38,55.9375,110.0997,53.2,99,100,2.44,light rain
409,Taga,RO,2022-07-28 19:56:39,46.95,24.05,73.72,72,100,7.02,overcast clouds
410,Pevek,RU,2022-07-28 19:56:39,69.7008,170.3133,39.61,78,94,2.46,overcast clouds
411,Kanbe,MM,2022-07-28 19:56:40,16.7053,96.0017,80.65,83,48,5.06,scattered clouds
412,Lichuan,CN,2022-07-28 19:56:41,30.3,108.85,64.96,95,0,1.05,clear sky
413,Cabedelo,BR,2022-07-28 19:56:41,-6.9811,-34.8339,83.07,80,5,12.41,clear sky
414,Tomatlan,MX,2022-07-28 19:56:42,19.9333,-105.25,90.61,49,53,10.85,broken clouds
415,El Retorno,CO,2022-07-28 19:56:42,2.3302,-72.6276,73.29,93,100,1.23,overcast clouds
416,Eatonton,US,2022-07-28 19:54:47,33.3268,-83.3885,94.23,65,90,7.63,overcast clouds
417,Hasaki,JP,2022-07-28 19:56:43,35.7333,140.8333,77.4,90,79,10.94,broken clouds
418,Biak,ID,2022-07-28 19:56:44,-0.9131,122.8766,74.84,89,96,7.02,overcast clouds
419,Amahai,ID,2022-07-28 19:56:44,-3.3333,128.9167,76.59,92,100,9.51,overcast clouds
420,Kosonsoy,UZ,2022-07-28 19:56:44,41.2561,71.5508,75.76,31,78,9.86,broken clouds
421,Dingle,PH,2022-07-28 19:56:45,10.9995,122.6711,77.61,90,100,7.38,overcast clouds
422,Wajima,JP,2022-07-28 19:56:46,37.4,136.9,77.85,90,6,6.2,clear sky
423,Namibe,AO,2022-07-28 19:52:45,-15.1961,12.1522,61.75,85,11,8.1,few clouds
424,Ust-Kulom,RU,2022-07-28 19:56:46,61.6864,53.6902,58.8,77,10,3.22,clear sky
425,Puerto Varas,CL,2022-07-28 19:56:47,-41.3195,-72.9854,50.22,76,75,8.05,broken clouds
426,Kakonko,TZ,2022-07-28 19:56:48,-3.2828,30.9642,73.9,42,89,2.77,overcast clouds
427,Baisha,CN,2022-07-28 19:56:48,26.5222,110.9311,75.72,93,100,1.28,overcast clouds
428,Murray Bridge,AU,2022-07-28 19:56:49,-35.1167,139.2667,44.33,93,98,2.93,overcast clouds
429,Yerbogachen,RU,2022-07-28 19:56:49,61.2767,108.0108,62.56,96,100,5.17,overcast clouds
430,Enshi,CN,2022-07-28 19:52:20,30.3,109.4833,71.89,97,3,1.39,clear sky
431,Ewa Beach,US,2022-07-28 19:52:51,21.3156,-158.0072,84.15,57,40,11.5,scattered clouds
432,Santa Maria,BR,2022-07-28 19:56:50,-29.6842,-53.8069,63.7,100,75,3.44,moderate rain
433,Mokolo,CM,2022-07-28 19:56:51,10.7398,13.8019,73.98,75,24,2.04,light rain
434,Snyder,US,2022-07-28 19:56:51,32.7179,-100.9176,99.09,26,40,4.61,scattered clouds
435,Navrongo,GH,2022-07-28 19:56:52,10.8956,-1.0921,78.85,76,99,6.35,overcast clouds
436,Soyo,AO,2022-07-28 19:56:52,-6.1349,12.3689,70.97,84,28,6.82,scattered clouds
437,Tallahassee,US,2022-07-28 19:54:18,30.4383,-84.2807,88.0,100,75,6.91,thunderstorm
438,Teluk Nibung,ID,2022-07-28 19:56:53,3.001,99.8164,77.29,91,100,3.11,overcast clouds
439,Imbituba,BR,2022-07-28 19:56:53,-28.24,-48.6703,78.85,77,100,5.82,moderate rain
440,Sechura,PE,2022-07-28 19:54:03,-5.5569,-80.8222,77.38,54,7,13.35,clear sky
441,Rumphi,MW,2022-07-28 19:56:54,-11.0186,33.8575,61.52,73,86,2.71,overcast clouds
442,Amuntai,ID,2022-07-28 19:56:55,-2.4177,115.2494,72.16,98,100,1.5,overcast clouds
443,Mandan,US,2022-07-28 19:55:41,46.8267,-100.8896,76.37,48,40,11.5,scattered clouds
444,Jeremie,HT,2022-07-28 19:56:56,18.65,-74.1167,82.54,70,70,2.26,broken clouds
445,La Ronge,CA,2022-07-28 19:56:56,55.1001,-105.2842,75.42,33,20,9.22,few clouds
446,Nouakchott,MR,2022-07-28 19:56:57,18.0858,-15.9785,82.33,79,5,18.86,clear sky
447,Srednekolymsk,RU,2022-07-28 19:56:57,67.45,153.6833,51.84,57,6,10.27,clear sky
448,Saint-Augustin,CA,2022-07-28 19:56:58,51.226,-58.6502,56.88,75,100,9.53,overcast clouds
449,Sosnovo-Ozerskoye,RU,2022-07-28 19:56:59,52.5249,111.5418,48.72,89,100,5.21,overcast clouds
450,Kungurtug,RU,2022-07-28 19:56:59,50.5994,97.5228,44.53,91,85,0.92,overcast clouds
451,Pak Phanang,TH,2022-07-28 19:57:00,8.3511,100.202,79.95,84,52,3.36,broken clouds
452,Abu Dhabi,AE,2022-07-28 19:56:10,24.4667,54.3667,91.42,64,0,6.91,clear sky
453,Mocuba,MZ,2022-07-28 19:57:01,-16.8392,36.9856,60.76,90,8,3.22,clear sky
454,Pantayivka,UA,2022-07-28 19:57:01,48.674,32.8841,65.71,76,100,6.73,overcast clouds
455,Nkoteng,CM,2022-07-28 19:57:02,4.5167,12.0333,68.32,98,100,5.5,overcast clouds
456,Muros,ES,2022-07-28 19:57:02,42.7762,-9.0603,73.69,74,0,8.32,clear sky
457,Kapoeta,SS,2022-07-28 19:57:03,4.7717,33.5903,75.63,61,61,5.88,broken clouds
458,Jiazi,CN,2022-07-28 19:57:03,22.8779,116.067,82.8,82,100,3.4,overcast clouds
459,Omaruru,NA,2022-07-28 19:57:04,-21.4333,15.9333,57.11,35,3,3.94,clear sky
460,Sept-Iles,CA,2022-07-28 19:55:39,50.2001,-66.3821,66.72,85,20,18.41,few clouds
461,Ust-Maya,RU,2022-07-28 19:57:05,60.4167,134.5333,63.25,78,5,2.77,clear sky
462,Gairo,IT,2022-07-28 19:57:05,39.8497,9.5047,75.16,69,0,3.31,clear sky
463,Wanaka,NZ,2022-07-28 19:57:06,-44.7,169.15,38.88,92,98,3.0,overcast clouds
464,Hamilton,US,2022-07-28 19:53:59,39.1834,-84.5333,90.59,51,92,5.01,overcast clouds
465,Burnie,AU,2022-07-28 19:57:07,-41.0667,145.9167,41.94,72,0,8.79,clear sky
466,Alberton,CA,2022-07-28 19:57:07,46.8168,-64.0654,77.13,73,6,11.21,clear sky
467,Nioaque,BR,2022-07-28 19:57:08,-21.1353,-55.83,92.86,17,6,8.21,clear sky
468,Port Keats,AU,2022-07-28 19:57:08,-14.25,129.55,65.89,43,74,9.08,broken clouds
469,Auki,SB,2022-07-28 19:56:24,-8.7676,160.7034,76.24,87,76,4.63,broken clouds
470,Kitimat,CA,2022-07-28 19:57:09,54.0524,-128.6534,80.98,40,1,1.52,clear sky
471,Paratinga,BR,2022-07-28 19:57:10,-12.6906,-43.1842,87.22,26,0,1.34,clear sky
472,Alice Springs,AU,2022-07-28 19:55:10,-23.7,133.8833,35.15,51,29,0.0,scattered clouds
473,Coahuayana,MX,2022-07-28 19:57:11,18.7333,-103.6833,88.9,60,51,6.69,broken clouds
474,Kiruna,SE,2022-07-28 19:52:32,67.8557,20.2251,49.12,76,95,6.91,overcast clouds
475,Rocha,UY,2022-07-28 19:57:11,-34.4833,-54.3333,48.69,84,94,16.51,overcast clouds
476,Sumbe,AO,2022-07-28 19:57:12,-11.2061,13.8437,69.04,85,99,7.45,overcast clouds
477,Touros,BR,2022-07-28 19:57:13,-5.1989,-35.4608,77.83,78,5,15.46,clear sky
478,Poretskoye,RU,2022-07-28 19:57:13,55.1974,46.3291,64.96,77,82,7.36,broken clouds
479,Lata,PT,2022-07-28 19:52:53,40.1629,-8.3327,64.54,79,0,5.99,clear sky
480,Morondava,MG,2022-07-28 19:57:14,-20.2833,44.2833,72.66,77,0,8.95,clear sky
481,Formosa,AR,2022-07-28 19:57:15,-26.1775,-58.1781,62.58,88,100,17.27,overcast clouds
482,Pingzhuang,CN,2022-07-28 19:57:15,42.0372,119.2889,63.99,91,100,4.0,light rain
483,Oskarshamn,SE,2022-07-28 19:57:16,57.2645,16.4484,54.99,75,4,5.84,clear sky
484,Aksu,CN,2022-07-28 19:57:17,41.1231,80.2644,82.09,37,13,1.41,few clouds
485,Zlobin,HR,2022-07-28 19:57:17,45.2924,14.6541,74.5,55,0,6.91,clear sky
486,Itambe,BR,2022-07-28 19:57:17,-15.245,-40.6244,77.22,44,4,3.91,clear sky
487,Sterling,US,2022-07-28 19:57:18,39.0062,-77.4286,93.54,64,0,11.99,clear sky
488,Fengxian,CN,2022-07-28 19:57:19,34.7039,116.5872,72.61,90,47,5.41,scattered clouds
489,Narsaq,GL,2022-07-28 19:57:19,60.9167,-46.05,49.42,60,52,6.08,broken clouds
490,Waharoa,NZ,2022-07-28 19:57:20,-37.7667,175.7667,55.54,93,99,11.68,overcast clouds
491,Las Lomas,PA,2022-07-28 19:57:20,8.4333,-82.4,85.41,66,40,8.05,scattered clouds
492,Portland,US,2022-07-28 19:56:40,45.5234,-122.6762,94.98,48,16,3.0,few clouds
493,Olafsvik,IS,2022-07-28 19:57:21,64.8945,-23.7142,45.46,87,100,16.58,overcast clouds
494,Ilo,PE,2022-07-28 19:57:22,-17.6394,-71.3375,65.26,68,75,12.66,broken clouds
495,Chauk,MM,2022-07-28 19:57:22,20.8833,94.8167,87.53,61,97,5.06,overcast clouds
496,Garowe,SO,2022-07-28 19:57:23,8.4054,48.4845,81.86,38,10,17.38,clear sky
497,Tuensang,IN,2022-07-28 19:57:24,26.2833,94.8333,68.23,97,40,1.92,scattered clouds
498,Vao,NC,2022-07-28 19:57:24,-22.6667,167.4833,69.03,66,100,12.41,overcast clouds
499,Abha,SA,2022-07-28 19:57:24,18.2164,42.5053,71.42,46,0,4.61,clear sky
500,Vagay,RU,2022-07-28 19:57:25,57.9375,69.0217,56.26,85,17,7.85,few clouds
501,Bogorodskoye,RU,2022-07-28 19:57:25,56.55,37.8833,63.39,98,100,9.4,overcast clouds
502,Kurganinsk,RU,2022-07-28 19:57:26,44.88,40.5986,71.11,49,0,4.99,clear sky
503,Chifeng,CN,2022-07-28 19:57:26,42.2683,118.9636,64.11,86,100,3.89,overcast clouds
504,Bagaha,IN,2022-07-28 19:57:27,27.1,84.0833,81.3,78,78,3.53,broken clouds
505,Vitim,RU,2022-07-28 19:57:27,59.4511,112.5578,61.16,97,100,5.68,overcast clouds
506,Mecca,SA,2022-07-28 19:57:28,21.4267,39.8261,92.8,28,100,4.92,overcast clouds
507,Saint-Francois,FR,2022-07-28 19:57:29,46.4154,3.9054,74.64,43,0,6.91,clear sky
508,Camacari,BR,2022-07-28 19:53:14,-12.6975,-38.3242,80.37,74,2,6.24,clear sky
509,Micheweni,TZ,2022-07-28 19:57:29,-4.9667,39.8333,73.85,82,17,9.17,few clouds
510,Kavaratti,IN,2022-07-28 19:57:30,10.5669,72.642,81.05,82,100,17.67,overcast clouds
511,Pirassununga,BR,2022-07-28 19:55:35,-21.9961,-47.4258,83.86,28,0,11.5,clear sky
512,Vostok,RU,2022-07-28 19:57:30,46.4856,135.8833,64.17,95,100,3.36,overcast clouds
513,Daru,PG,2022-07-28 19:57:31,-9.0763,143.2092,75.9,91,99,18.54,overcast clouds
514,Bahir Dar,ET,2022-07-28 19:57:32,11.5936,37.3908,59.94,95,100,4.29,light rain
515,Bellevue,US,2022-07-28 19:57:32,47.6104,-122.2007,94.05,50,0,4.0,clear sky
516,Egvekinot,RU,2022-07-28 19:52:54,66.3167,-179.1667,41.74,87,100,2.59,light rain
517,Altea,ES,2022-07-28 19:57:33,38.5989,-0.0514,85.48,85,1,1.99,clear sky
518,Myre,NO,2022-07-28 19:57:34,69.1036,15.9492,53.89,76,72,6.22,broken clouds
519,Valdivia,CL,2022-07-28 19:57:35,-39.8142,-73.2459,44.69,77,51,1.32,broken clouds
520,Winslow,US,2022-07-28 19:56:12,35.0242,-110.6974,83.28,36,36,5.84,scattered clouds
521,Talcahuano,CL,2022-07-28 19:57:35,-36.7167,-73.1167,58.68,51,0,9.22,clear sky
522,Coquimbo,CL,2022-07-28 19:57:36,-29.9533,-71.3436,60.53,67,0,11.5,clear sky
523,Sao Joao Da Barra,BR,2022-07-28 19:57:36,-21.6403,-41.0511,78.89,79,51,18.97,broken clouds
524,Nizwa,OM,2022-07-28 19:57:37,22.9333,57.5333,80.11,70,89,6.26,overcast clouds
525,Emerald,AU,2022-07-28 19:57:37,-23.5333,148.1667,46.62,71,0,10.38,clear sky
526,Sadat,IN,2022-07-28 19:57:38,25.6833,83.2833,89.42,58,100,1.39,overcast clouds
527,Manono,CD,2022-07-28 19:57:38,-7.3,27.4167,78.73,32,39,3.89,scattered clouds
528,Uruzgan,AF,2022-07-28 19:57:39,32.8333,66.0,83.3,43,85,7.02,overcast clouds
529,Basoko,CD,2022-07-28 19:57:39,1.2391,23.616,72.14,92,100,2.59,moderate rain
530,Saint-Leu,RE,2022-07-28 19:57:40,-21.15,55.2833,68.32,75,77,2.73,broken clouds
531,Kalmunai,LK,2022-07-28 19:57:40,7.4167,81.8167,79.02,83,100,3.74,moderate rain
532,Najran,SA,2022-07-28 19:57:41,17.4924,44.1277,90.25,35,13,4.81,few clouds
533,Atikokan,CA,2022-07-28 19:57:42,48.7555,-91.6216,65.05,60,77,11.86,broken clouds
534,West Plains,US,2022-07-28 19:56:02,36.7281,-91.8524,87.22,77,99,1.99,overcast clouds
535,Kajiado,KE,2022-07-28 19:57:43,-1.8524,36.7768,58.03,86,84,13.06,broken clouds
536,Manpur,IN,2022-07-28 19:57:43,22.4333,75.6167,75.6,86,100,5.46,light rain
537,Jhalawar,IN,2022-07-28 19:57:44,24.6,76.15,79.81,81,100,7.56,overcast clouds
538,Nioro,GM,2022-07-28 19:57:44,13.35,-15.75,80.83,75,55,11.07,broken clouds
539,Hobbs,US,2022-07-28 19:57:45,32.7026,-103.136,96.82,21,40,11.5,scattered clouds
