City_ID,City,Country,Date,Lat,Lng,Max Temp,Humidity,Cloudiness,Wind Speed
0,Busselton,AU,2022-07-28 00:23:57,-33.65,115.3333,54.86,72,13,8.97
1,Mahebourg,MU,2022-07-28 00:25:36,-20.4081,57.7,68.29,88,40,5.75
2,Mataura,NZ,2022-07-28 00:26:14,-46.1927,168.8643,47.48,99,100,2.75
3,Margate,GB,2022-07-28 00:26:14,51.3813,1.3862,63.9,76,93,3.0
4,Gimli,CA,2022-07-28 00:26:15,50.6336,-96.9907,62.06,74,100,16.24
5,Qaanaaq,GL,2022-07-28 00:25:01,77.484,-69.3632,39.18,85,45,5.5
6,Rikitea,PF,2022-07-28 00:26:16,-23.1203,-134.9692,73.83,70,100,15.7
7,La Orilla,MX,2022-07-28 00:26:16,17.9833,-102.2333,82.9,73,83,3.78
8,Hellvik,NO,2022-07-28 00:26:16,59.9156,5.781,51.76,88,79,2.98
9,Khatanga,RU,2022-07-28 00:22:25,71.9667,102.5,67.06,53,69,1.07
10,Atuona,PF,2022-07-28 00:26:17,-9.8,-139.0333,77.18,69,0,20.69
11,Ushuaia,AR,2022-07-28 00:25:23,-54.8,-68.3,40.66,81,75,16.11
12,Lichuan,CN,2022-07-28 00:26:18,30.3,108.85,68.59,93,97,1.34
13,Hithadhoo,MV,2022-07-28 00:26:18,-0.6,73.0833,82.2,73,100,12.12
14,Kavieng,PG,2022-07-28 00:26:18,-2.5744,150.7967,84.78,71,38,18.3
15,Kaeo,NZ,2022-07-28 00:26:19,-35.1,173.7833,65.32,82,28,16.75
16,Hermanus,ZA,2022-07-28 00:26:20,-34.4187,19.2345,52.34,83,0,11.48
17,Luderitz,NA,2022-07-28 00:26:20,-26.6481,15.1594,55.49,73,0,2.1
18,La Ronge,CA,2022-07-28 00:26:21,55.1001,-105.2842,71.85,33,40,10.36
19,Burg,DE,2022-07-28 00:26:21,51.8333,14.15,54.93,65,0,3.31
20,New Norfolk,AU,2022-07-28 00:26:21,-42.7826,147.0587,51.71,77,77,1.01
21,Georgetown,MY,2022-07-28 00:22:27,5.4112,100.3354,80.89,88,20,2.3
22,Zahir Pir,PK,2022-07-28 00:26:22,28.8124,70.524,86.18,75,96,7.65
23,Chokurdakh,RU,2022-07-28 00:25:22,70.6333,147.9167,57.4,39,57,13.13
24,North Myrtle Beach,US,2022-07-28 00:24:41,33.816,-78.68,86.13,84,0,17.27
25,Upernavik,GL,2022-07-28 00:26:23,72.7868,-56.1549,40.3,84,100,0.87
26,Bilibino,RU,2022-07-28 00:26:23,68.0546,166.4372,49.71,53,100,2.53
27,Yellowknife,CA,2022-07-28 00:25:00,62.456,-114.3525,66.72,72,75,12.66
28,Bluff,NZ,2022-07-28 00:26:24,-46.6,168.3333,47.8,87,100,12.53
29,Zambezi,ZM,2022-07-28 00:26:24,-13.5432,23.1047,52.54,53,94,4.85
30,Puerto Leguizamo,CO,2022-07-28 00:26:25,-0.1934,-74.7819,70.41,97,93,3.62
31,Hobart,AU,2022-07-28 00:26:25,-42.8794,147.3294,52.05,65,20,8.05
32,Saint Anthony,US,2022-07-28 00:26:26,45.0205,-93.218,78.73,41,0,20.71
33,Albany,US,2022-07-28 00:26:26,42.6001,-73.9662,76.59,65,100,1.61
34,Barrow,US,2022-07-28 00:26:27,71.2906,-156.7887,33.82,100,100,17.27
35,Tuktoyaktuk,CA,2022-07-28 00:26:27,69.4541,-133.0374,50.0,76,75,13.8
36,Severo-Kurilsk,RU,2022-07-28 00:22:37,50.6789,156.125,55.2,86,76,5.7
37,Payo,ID,2022-07-28 00:26:28,-3.7508,103.6372,73.74,95,99,1.07
38,Progreso,MX,2022-07-28 00:26:28,21.2833,-89.6667,75.31,74,44,14.97
39,Naze,JP,2022-07-28 00:26:29,28.3667,129.4833,81.52,82,96,16.58
40,Dorverden,DE,2022-07-28 00:26:29,52.85,9.2333,54.32,85,28,4.47
41,Kolosovka,RU,2022-07-28 00:26:30,56.4678,73.611,61.38,98,100,11.43
42,San Clemente,US,2022-07-28 00:26:30,33.427,-117.612,91.54,73,33,11.99
43,Lagoa,PT,2022-07-28 00:26:31,39.05,-27.9833,71.64,82,56,10.38
44,Aklavik,CA,2022-07-28 00:26:31,68.2191,-135.0107,61.93,39,65,23.44
45,Adre,TD,2022-07-28 00:26:32,13.4667,22.2,69.42,83,100,9.06
46,Khani,GE,2022-07-28 00:27:32,41.9563,42.9566,53.17,93,52,4.09
47,Pochutla,MX,2022-07-28 00:27:33,15.7432,-96.4661,82.81,80,97,2.08
48,Sao Jose Da Coroa Grande,BR,2022-07-28 00:27:33,-8.8978,-35.1478,73.0,86,52,6.26
49,Key Biscayne,US,2022-07-28 00:27:34,25.6937,-80.1628,85.01,79,20,9.22
50,Savannah Bight,HN,2022-07-28 00:27:34,16.45,-85.85,82.76,81,19,21.54
51,Airai,TL,2022-07-28 00:27:35,-8.9266,125.4092,61.52,59,62,5.08
52,Haines Junction,CA,2022-07-28 00:27:36,60.7522,-137.5108,55.35,71,100,6.91
53,Alice Springs,AU,2022-07-28 00:27:36,-23.7,133.8833,51.35,37,17,0.0
54,Esperance,AU,2022-07-28 00:27:36,-33.8667,121.9,53.62,66,10,17.31
55,Tasiilaq,GL,2022-07-28 00:25:30,65.6145,-37.6368,42.96,94,72,7.87
56,Kidal,ML,2022-07-28 00:27:37,18.4411,1.4078,93.4,30,6,17.47
57,Tiksi,RU,2022-07-28 00:27:37,71.6872,128.8694,67.68,59,34,6.64
58,Bethel,US,2022-07-28 00:27:38,41.3712,-73.414,79.03,66,0,6.91
59,Castlegar,CA,2022-07-28 00:27:38,49.2998,-117.6689,93.97,20,1,1.74
60,Bekhtery,UA,2022-07-28 00:27:39,46.251,32.2927,70.81,77,1,4.21
61,Kapaa,US,2022-07-28 00:26:51,22.0752,-159.319,85.98,63,40,13.8
62,Tiznit,MA,2022-07-28 00:27:39,29.5833,-9.5,74.61,53,0,4.85
63,Thai Binh,VN,2022-07-28 00:27:40,20.45,106.3333,83.95,74,16,3.76
64,Teguldet,RU,2022-07-28 00:27:41,57.3064,88.1667,57.83,80,96,2.04
65,Port Lincoln,AU,2022-07-28 00:27:41,-34.7333,135.8667,53.74,76,51,10.29
66,Indramayu,ID,2022-07-28 00:27:42,-6.3264,108.32,78.75,78,98,7.49
67,Gamba,GA,2022-07-28 00:27:42,-2.65,10.0,69.1,92,45,4.18
68,Mabaruma,GY,2022-07-28 00:27:43,8.2,-59.7833,75.06,91,9,3.15
69,Narsaq,GL,2022-07-28 00:27:43,60.9167,-46.05,50.22,85,18,4.09
70,Cayenne,GF,2022-07-28 00:26:35,4.9333,-52.3333,77.09,1,0,2.3
71,Cherskiy,RU,2022-07-28 00:27:44,68.75,161.3,53.65,48,61,2.53
72,Cape Town,ZA,2022-07-28 00:27:33,-33.9258,18.4232,60.39,74,0,3.44
73,Victoria,HK,2022-07-28 00:25:30,22.2855,114.1577,89.26,81,0,4.0
74,Bredasdorp,ZA,2022-07-28 00:27:39,-34.5322,20.0403,49.23,90,0,5.68
75,Saint-Joseph,RE,2022-07-28 00:27:45,-21.3667,55.6167,66.58,77,23,4.79
76,Castro,BR,2022-07-28 00:27:46,-24.7911,-50.0119,57.97,78,44,3.02
77,Port Alfred,ZA,2022-07-28 00:27:46,-33.5906,26.891,62.92,79,95,12.39
78,Clyde River,CA,2022-07-28 00:26:46,70.4692,-68.5914,39.43,93,100,8.05
79,Rio Grande,BR,2022-07-28 00:27:47,-32.035,-52.0986,57.31,96,83,7.45
80,Madimba,TZ,2022-07-28 00:27:47,-10.4,40.3333,69.4,88,4,9.42
81,Saint-Philippe,RE,2022-07-28 00:27:47,-21.3585,55.7679,67.59,80,9,7.27
82,Ayagoz,KZ,2022-07-28 00:27:48,47.9714,80.4392,68.56,46,50,8.99
83,Punta Arenas,CL,2022-07-28 00:25:51,-53.15,-70.9167,41.11,70,20,34.52
84,San Carlos De Bariloche,AR,2022-07-28 00:27:49,-41.1456,-71.3082,38.95,81,40,11.5
85,Alugan,PH,2022-07-28 00:27:49,12.2188,125.4808,80.96,87,78,7.14
86,Mantua,IT,2022-07-28 00:27:50,45.1667,10.7833,77.61,82,26,1.01
87,Mecca,SA,2022-07-28 00:23:30,21.4267,39.8261,88.88,58,100,11.01
88,Ruhengeri,RW,2022-07-28 00:27:50,-1.4998,29.635,59.43,76,86,0.63
89,Huoqiu,CN,2022-07-28 00:28:51,32.3394,116.2694,79.48,88,96,2.82
90,Ponta Do Sol,PT,2022-07-28 00:28:51,32.6667,-17.1,72.23,80,0,4.36
91,Inuvik,CA,2022-07-28 00:28:52,68.3499,-133.7218,61.66,44,75,10.36
92,Kodiak,US,2022-07-28 00:27:52,57.79,-152.4072,63.91,52,0,11.5
93,Half Moon Bay,US,2022-07-28 00:28:46,37.4636,-122.4286,84.06,69,75,24.16
94,Gotsu,JP,2022-07-28 00:28:53,35.0,132.2167,84.9,72,39,3.4
95,Brae,GB,2022-07-28 00:28:53,60.3964,-1.353,52.25,81,54,5.84
96,Jamestown,US,2022-07-28 00:24:53,42.097,-79.2353,72.72,73,100,5.75
97,Tuy Hoa,VN,2022-07-28 00:28:54,13.0833,109.3,80.01,81,23,4.14
98,Padang,ID,2022-07-28 00:28:54,-0.9492,100.3543,71.65,75,66,4.25
99,San Policarpo,PH,2022-07-28 00:28:55,12.1791,125.5072,81.03,87,76,7.25
100,Los Llanos De Aridane,ES,2022-07-28 00:28:55,28.6585,-17.9182,72.12,90,20,17.27
101,Coihaique,CL,2022-07-28 00:28:55,-45.5752,-72.0662,39.81,65,75,3.44
102,Dunedin,NZ,2022-07-28 00:26:16,-45.8742,170.5036,46.8,86,100,7.0
103,Portland,US,2022-07-28 00:26:47,45.5234,-122.6762,99.84,37,20,6.91
104,Xianyang,CN,2022-07-28 00:28:56,34.3378,108.7026,76.24,83,0,6.71
105,Belyy Yar,RU,2022-07-28 00:28:57,53.6039,91.3903,57.85,80,0,2.24
106,Nikolskoye,RU,2022-07-28 00:28:49,59.7035,30.7861,57.09,96,92,4.38
107,Lasa,IT,2022-07-28 00:28:57,46.6166,10.7002,63.48,91,55,1.99
108,Baturite,BR,2022-07-28 00:28:58,-4.3286,-38.8847,71.44,87,34,3.51
109,Boditi,ET,2022-07-28 00:28:58,6.9667,37.8667,56.71,80,96,1.63
110,Raton,US,2022-07-28 00:27:24,36.9034,-104.4391,70.14,83,100,11.5
111,Saint George,US,2022-07-28 00:26:09,37.1041,-113.5841,88.39,60,40,17.27
112,Millinocket,US,2022-07-28 00:28:59,45.6573,-68.7098,75.31,53,0,0.0
113,Lebu,CL,2022-07-28 00:28:59,-37.6167,-73.65,49.21,87,45,6.51
114,Souillac,MU,2022-07-28 00:26:25,-20.5167,57.5167,68.38,88,40,5.75
115,Chaupal,IN,2022-07-28 00:29:00,30.95,77.5833,58.86,97,98,0.43
116,Thompson,CA,2022-07-28 00:29:00,55.7435,-97.8558,59.16,88,75,3.44
117,Sur,OM,2022-07-28 00:29:01,22.5667,59.5289,80.74,73,80,15.73
118,Narrabri,AU,2022-07-28 00:29:01,-30.3167,149.7833,55.53,73,2,4.0
119,Antsohihy,MG,2022-07-28 00:29:02,-14.8796,47.9875,64.38,88,0,2.68
120,Changde,CN,2022-07-28 00:29:02,29.0464,111.6783,80.8,82,100,0.34
121,Dikson,RU,2022-07-28 00:28:01,73.5069,80.5464,41.16,95,83,11.99
122,Acapulco,MX,2022-07-28 00:29:03,16.8634,-99.8901,84.02,70,75,3.44
123,Baykit,RU,2022-07-28 00:29:03,61.67,96.37,64.22,94,100,2.37
124,Nieuw Amsterdam,SR,2022-07-28 00:29:04,5.8833,-55.0833,77.02,93,75,4.61
125,Geraldton,AU,2022-07-28 00:29:04,-28.7667,114.6,57.61,77,100,12.66
126,Fortuna,US,2022-07-28 00:29:05,40.5982,-124.1573,70.93,74,20,13.8
127,Bathsheba,BB,2022-07-28 00:29:05,13.2167,-59.5167,81.21,87,40,18.41
128,Lorengau,PG,2022-07-28 00:29:06,-2.0226,147.2712,85.06,69,37,11.48
129,Norden,DE,2022-07-28 00:24:28,53.6,7.2,56.97,56,99,8.03
130,Saldanha,ZA,2022-07-28 00:29:07,-33.0117,17.9442,46.45,69,0,4.97
131,Kahului,US,2022-07-28 00:28:00,20.8947,-156.47,87.82,60,20,25.32
132,Avarua,CK,2022-07-28 00:29:08,-21.2078,-159.775,78.85,69,40,20.71
133,Lompoc,US,2022-07-28 00:24:32,34.6391,-120.4579,70.84,74,0,12.66
134,Tura,IN,2022-07-28 00:29:08,25.5198,90.2201,74.57,91,97,3.22
135,Kaitangata,NZ,2022-07-28 00:26:48,-46.2817,169.8464,44.67,95,100,6.35
136,Srednekolymsk,RU,2022-07-28 00:27:34,67.45,153.6833,51.57,50,97,10.4
137,Longyearbyen,SJ,2022-07-28 00:25:21,78.2186,15.6401,44.44,76,75,23.02
138,Korla,CN,2022-07-28 00:30:09,41.7597,86.1469,86.74,19,0,6.2
139,Melilla,ES,2022-07-28 00:30:10,35.2937,-2.9383,75.58,38,0,2.3
140,Gurun,MY,2022-07-28 00:30:10,5.8172,100.4738,81.73,88,86,2.28
141,Adiake,CI,2022-07-28 00:30:11,5.2863,-3.304,75.29,86,94,9.37
142,Puerto Ayora,EC,2022-07-28 00:30:11,-0.7393,-90.3518,70.56,94,100,7.0
143,Menongue,AO,2022-07-28 00:30:12,-14.6585,17.691,50.45,41,44,5.01
144,Hatillo,PR,2022-07-28 00:30:13,18.4863,-66.8254,78.06,92,21,1.01
145,Shubarkuduk,KZ,2022-07-28 00:30:13,49.1447,56.4872,68.59,68,10,6.51
146,Hofn,IS,2022-07-28 00:27:59,64.2539,-15.2082,53.64,98,100,26.62
147,Fayaoue,NC,2022-07-28 00:30:14,-20.65,166.5333,73.2,73,37,16.28
148,Hilo,US,2022-07-28 00:30:14,19.7297,-155.09,89.28,76,75,11.5
149,Baruun-Urt,MN,2022-07-28 00:30:15,46.6806,113.2792,65.25,49,20,3.0
150,Nantucket,US,2022-07-28 00:26:46,41.2835,-70.0995,75.99,78,0,8.05
151,Arraial Do Cabo,BR,2022-07-28 00:27:35,-22.9661,-42.0278,69.76,83,0,10.36
152,Palm Valley,US,2022-07-28 00:30:16,30.1775,-81.3876,86.02,83,61,11.63
153,Torbay,CA,2022-07-28 00:30:16,47.6666,-52.7314,66.97,83,40,11.5
154,Mulatupo,PA,2022-07-28 00:30:17,8.9492,-77.7652,76.5,91,100,6.55
155,Chuy,UY,2022-07-28 00:26:41,-33.6971,-53.4616,58.87,98,93,4.61
156,Bilma,NE,2022-07-28 00:30:17,18.6853,12.9164,87.37,24,63,14.81
157,Hambantota,LK,2022-07-28 00:30:18,6.1241,81.1185,73.74,100,40,2.3
158,Bambanglipuro,ID,2022-07-28 00:30:18,-7.95,110.2833,78.42,80,60,4.68
159,Turan,VN,2022-07-28 00:26:55,16.0678,108.2208,84.18,70,0,2.3
160,Yantongshan,CN,2022-07-28 00:30:19,43.2919,126.0094,79.09,75,94,4.92
161,Nongan,CN,2022-07-28 00:30:20,44.382,125.1685,78.78,83,97,7.27
162,Cavalcante,BR,2022-07-28 00:30:20,-13.7975,-47.4583,65.35,45,1,3.96
163,Otavalo,EC,2022-07-28 00:30:21,0.2333,-78.2667,55.62,91,94,4.36
164,Kruisfontein,ZA,2022-07-28 00:30:21,-34.0033,24.7314,49.89,90,1,4.12
165,Jiaocheng,CN,2022-07-28 00:30:22,24.6774,116.1389,90.27,60,60,2.44
166,Tual,ID,2022-07-28 00:28:40,-5.6667,132.75,79.07,85,41,21.12
167,Saint-Francois,FR,2022-07-28 00:30:22,46.4154,3.9054,56.64,82,0,2.3
168,Pisco,PE,2022-07-28 00:29:11,-13.7,-76.2167,62.65,82,20,9.22
169,Auki,SB,2022-07-28 00:30:23,-8.7676,160.7034,86.16,61,22,4.05
170,Vaini,TO,2022-07-28 00:28:39,-21.2,-175.2,78.96,83,20,9.22
171,Semenivka,UA,2022-07-28 00:30:24,52.1783,32.5818,59.79,92,93,6.6
172,Sioux Lookout,CA,2022-07-28 00:30:24,50.1001,-91.917,59.07,94,75,5.75
173,Paamiut,GL,2022-07-28 00:30:24,61.994,-49.6678,42.03,93,69,17.31
174,Luangwa,ZM,2022-07-28 00:30:25,-15.6167,30.4167,57.92,85,67,3.4
175,Gold Coast,AU,2022-07-28 00:30:25,-28.0,153.4333,67.03,53,6,10.36
176,Carnarvon,AU,2022-07-28 00:30:26,-24.8667,113.6333,72.21,48,100,1.74
177,Talnakh,RU,2022-07-28 00:30:26,69.4865,88.3972,54.21,60,78,9.13
178,Gigmoto,PH,2022-07-28 00:30:27,13.7796,124.39,85.8,71,100,5.57
179,Norman Wells,CA,2022-07-28 00:27:49,65.282,-126.8329,66.24,42,75,5.75
180,Bandarbeyla,SO,2022-07-28 00:30:27,9.4942,50.8122,76.73,72,99,26.71
181,Beringovskiy,RU,2022-07-28 00:30:28,63.05,179.3167,48.34,91,100,4.0
182,Mareeba,AU,2022-07-28 00:30:28,-17.0,145.4333,71.47,70,11,7.83
183,Charters Towers,AU,2022-07-28 00:31:29,-20.1,146.2667,65.53,30,0,10.94
184,Twinsburg,US,2022-07-28 00:31:29,41.3126,-81.4401,78.12,84,100,0.0
185,Porto Novo,BJ,2022-07-28 00:30:22,6.4965,2.6036,78.62,87,100,9.69
186,Pangody,RU,2022-07-28 00:31:30,65.85,74.4859,55.36,69,3,10.54
187,Tanabe,JP,2022-07-28 00:31:31,33.7333,135.3667,83.41,83,75,8.05
188,Palimbang,PH,2022-07-28 00:31:31,6.2106,124.1894,83.32,72,100,1.68
189,Namtsy,RU,2022-07-28 00:31:32,62.7161,129.6658,85.41,41,5,1.14
190,Vilyuysk,RU,2022-07-28 00:31:32,63.7553,121.6247,81.07,47,36,7.11
191,Ndola,ZM,2022-07-28 00:31:32,-12.9587,28.6366,52.77,77,7,5.66
192,Kirakira,SB,2022-07-28 00:28:34,-10.4544,161.9205,83.26,73,91,7.34
193,Tabou,CI,2022-07-28 00:31:33,4.423,-7.3528,75.06,77,98,11.18
194,Leningradskiy,RU,2022-07-28 00:29:17,69.3833,178.4167,38.35,82,99,5.55
195,Arkhangelsk,RU,2022-07-28 00:31:34,64.5401,40.5433,64.51,100,20,4.47
196,Adrar,MR,2022-07-28 00:31:34,20.5022,-10.0711,97.52,10,0,9.8
197,Rassvet,RU,2022-07-28 00:31:35,46.8333,40.75,65.35,89,0,2.24
198,Jacqueville,CI,2022-07-28 00:31:35,5.2052,-4.4146,76.33,85,82,17.49
199,Kemijarvi,FI,2022-07-28 00:28:24,66.7131,27.4306,49.41,97,66,5.97
200,Boende,CD,2022-07-28 00:30:05,-0.2167,20.8667,71.2,95,100,1.3
201,Vila Velha,BR,2022-07-28 00:31:37,-20.3297,-40.2925,67.95,90,40,0.0
202,Touros,BR,2022-07-28 00:31:37,-5.1989,-35.4608,73.98,84,11,11.16
203,Provideniya,RU,2022-07-28 00:27:29,64.3833,-173.3,46.51,100,100,4.47
204,Boca Do Acre,BR,2022-07-28 00:31:38,-8.7522,-67.3978,78.12,50,2,1.74
205,Semey,KZ,2022-07-28 00:31:38,50.4111,80.2275,68.22,64,20,11.18
206,Sao Filipe,CV,2022-07-28 00:26:46,14.8961,-24.4956,79.07,87,72,2.08
207,Mayo,US,2022-07-28 00:31:39,38.8876,-76.5119,84.61,85,0,8.05
208,Ribeira Grande,PT,2022-07-28 00:31:40,38.5167,-28.7,73.0,86,36,11.07
209,Jalu,LY,2022-07-28 00:29:56,29.0331,21.5482,81.57,49,0,10.83
210,Oga,IT,2022-07-28 00:31:40,46.4631,10.347,58.8,88,91,2.89
211,Lusambo,CD,2022-07-28 00:31:41,-4.9667,23.45,67.15,66,27,0.31
212,Namibe,AO,2022-07-28 00:28:17,-15.1961,12.1522,62.19,85,26,7.78
213,Great Falls,US,2022-07-28 00:31:42,47.5002,-111.3008,85.39,29,0,16.11
214,Zhigansk,RU,2022-07-28 00:31:42,66.7697,123.3711,76.57,50,5,3.22
215,Tilichiki,RU,2022-07-28 00:30:52,60.4667,166.1,49.26,68,100,14.29
216,Saskylakh,RU,2022-07-28 00:31:43,71.9167,114.0833,68.67,63,94,11.5
217,Pevek,RU,2022-07-28 00:31:43,69.7008,170.3133,35.74,88,96,2.57
218,Codrington,AU,2022-07-28 00:31:44,-38.2667,141.9667,51.04,77,100,8.55
219,Bone,DE,2022-07-28 00:30:03,51.9669,12.1396,55.81,66,11,5.93
220,Bull Savanna,JM,2022-07-28 00:28:48,17.8868,-77.5902,78.53,81,68,4.88
221,Te Anau,NZ,2022-07-28 00:31:45,-45.4167,167.7167,41.7,98,100,2.08
222,Hami,CN,2022-07-28 00:31:45,42.8,93.45,88.16,10,0,13.4
223,Port Hardy,CA,2022-07-28 00:31:46,50.6996,-127.4199,59.0,80,69,10.8
224,Fethiye,TR,2022-07-28 00:32:47,36.6217,29.1164,73.27,38,0,4.14
225,Deputatskiy,RU,2022-07-28 00:32:48,69.3,139.9,57.74,45,100,5.55
226,Beloha,MG,2022-07-28 00:32:48,-25.1667,45.05,58.24,80,0,4.9
227,Shibetsu,JP,2022-07-28 00:32:48,43.659,145.132,72.3,88,75,1.14
228,Ekibastuz,KZ,2022-07-28 00:32:49,51.6667,75.3667,71.65,50,100,7.81
229,Ancud,CL,2022-07-28 00:32:49,-41.8697,-73.8203,44.29,91,22,4.94
230,Portoferraio,IT,2022-07-28 00:32:50,42.8115,10.3146,80.96,72,0,16.06
231,Avera,US,2022-07-28 00:32:51,33.194,-82.5271,87.55,55,63,8.66
232,Honiara,SB,2022-07-28 00:32:51,-9.4333,159.95,87.55,62,100,7.74
233,Rawson,AR,2022-07-28 00:30:51,-43.3002,-65.1023,41.76,78,18,12.53
234,Makakilo City,US,2022-07-28 00:32:52,21.3469,-158.0858,89.92,44,0,18.41
235,Coahuayana,MX,2022-07-28 00:32:52,18.7333,-103.6833,82.0,76,100,2.37
236,Espita,MX,2022-07-28 00:32:53,21.0167,-88.3167,82.04,69,93,7.4
237,Alofi,NU,2022-07-28 00:32:54,-19.0595,-169.9187,80.49,74,75,16.11
238,Kichera,RU,2022-07-28 00:32:54,55.9375,110.0997,57.15,98,99,3.6
239,Tshela,CD,2022-07-28 00:32:55,-4.9833,12.9333,62.91,99,100,1.12
240,Arman,RU,2022-07-28 00:32:55,59.7,150.1667,66.02,49,64,1.1
241,Krasnoselkup,RU,2022-07-28 00:32:56,65.7,82.4667,52.32,80,92,16.89
242,Ostrovnoy,RU,2022-07-28 00:29:33,68.0531,39.5131,59.16,91,100,16.44
243,High Level,CA,2022-07-28 00:30:06,58.5169,-117.136,86.11,39,20,3.44
244,Tommot,RU,2022-07-28 00:32:57,58.9564,126.2925,77.65,54,7,5.59
245,Sitamau,IN,2022-07-28 00:32:57,24.0167,75.35,74.28,94,98,9.15
246,Broome,US,2022-07-28 00:32:57,42.2506,-75.833,77.9,71,100,1.01
247,Huntington,US,2022-07-28 00:32:58,38.4193,-82.4452,82.38,92,40,0.0
248,Dangriga,BZ,2022-07-28 00:32:58,16.9692,-88.2321,81.1,78,61,11.45
249,Yenagoa,NG,2022-07-28 00:32:59,4.9247,6.2642,73.49,96,99,4.92
250,Maniitsoq,GL,2022-07-28 00:32:59,65.4167,-52.9,42.31,85,18,12.35
251,Cabo San Lucas,MX,2022-07-28 00:33:00,22.8909,-109.9124,89.91,51,0,11.5
252,Gat,IL,2022-07-28 00:33:00,31.61,34.7642,78.4,68,0,2.98
253,Namie,JP,2022-07-28 00:33:01,37.4833,141.0,85.55,81,100,5.97
254,Dudinka,RU,2022-07-28 00:33:01,69.4058,86.1778,54.63,68,100,10.42
255,Mar Del Plata,AR,2022-07-28 00:33:02,-38.0023,-57.5575,51.82,58,100,14.0
256,Bouar,CF,2022-07-28 00:33:02,5.934,15.596,63.63,97,100,2.01
257,Zeya,RU,2022-07-28 00:33:03,53.75,127.2667,70.79,92,100,6.08
258,Letterkenny,IE,2022-07-28 00:33:03,54.95,-7.7333,52.74,94,100,2.48
259,Hervey Bay,AU,2022-07-28 00:33:04,-25.2986,152.8535,63.5,62,0,9.66
260,La Asuncion,VE,2022-07-28 00:30:13,11.0333,-63.8628,77.86,89,87,11.32
261,Oktyabrskiy,RU,2022-07-28 00:28:56,54.4815,53.471,59.34,93,11,3.96
262,Vila Franca Do Campo,PT,2022-07-28 00:33:05,37.7167,-25.4333,73.81,92,67,3.69
263,Antofagasta,CL,2022-07-28 00:28:50,-23.65,-70.4,56.48,86,92,7.72
264,Skjervoy,NO,2022-07-28 00:33:05,70.0311,20.9714,50.0,87,100,15.73
265,Jamame,SO,2022-07-28 00:33:06,0.0722,42.7506,73.29,77,100,10.25
266,Soyo,AO,2022-07-28 00:33:06,-6.1349,12.3689,69.48,90,98,5.01
267,North Platte,US,2022-07-28 00:33:07,41.1239,-100.7654,85.89,42,0,10.36
268,Butaritari,KI,2022-07-28 00:32:59,3.0707,172.7902,81.64,77,19,15.32
269,Kyrylivka,UA,2022-07-28 00:34:07,46.3759,35.3675,73.42,63,0,7.78
270,Shingu,JP,2022-07-28 00:34:08,33.7333,135.9833,83.7,76,46,6.22
271,Casa Nova,BR,2022-07-28 00:34:09,-9.4167,-41.1333,74.55,53,5,19.42
272,Ilulissat,GL,2022-07-28 00:34:09,69.2167,-51.1,44.62,87,75,4.61
273,Falam,MM,2022-07-28 00:34:10,22.9167,93.6833,66.99,87,95,0.96
274,Hualmay,PE,2022-07-28 00:34:10,-11.0964,-77.6139,62.26,84,41,12.3
275,Iquitos,PE,2022-07-28 00:34:11,-3.7481,-73.2472,75.24,94,40,1.14
276,East London,ZA,2022-07-28 00:31:14,-33.0153,27.9116,63.88,76,100,8.61
277,Burgersdorp,ZA,2022-07-28 00:34:11,-30.9977,26.3286,47.26,83,10,5.23
278,Flin Flon,CA,2022-07-28 00:31:07,54.7682,-101.865,66.45,48,96,7.63
279,Ixtapa,MX,2022-07-28 00:34:12,20.7,-105.2,83.23,94,100,20.71
280,Kailua,US,2022-07-28 00:33:50,21.4022,-157.7394,91.38,63,0,11.5
281,Pacific Grove,US,2022-07-28 00:31:32,36.6177,-121.9166,74.55,80,0,12.66
282,Borazjan,IR,2022-07-28 00:34:13,29.2666,51.2159,89.26,68,79,2.66
283,Madison,US,2022-07-28 00:33:13,34.7334,-86.5667,91.2,59,40,10.36
284,Pemangkat,ID,2022-07-28 00:34:13,1.1667,108.9667,79.43,83,80,7.25
285,Yulara,AU,2022-07-28 00:30:00,-25.2406,130.9889,48.51,36,22,10.42
286,Presidente Dutra,BR,2022-07-28 00:34:14,-5.29,-44.49,77.38,51,100,1.99
287,Songea,TZ,2022-07-28 00:34:15,-10.6833,35.65,52.99,90,5,1.72
288,Karratha,AU,2022-07-28 00:34:15,-20.7377,116.8463,74.26,43,0,13.78
289,Bambous Virieux,MU,2022-07-28 00:34:16,-20.3428,57.7575,68.25,88,40,5.75
290,Maribo,DK,2022-07-28 00:34:16,54.7766,11.5002,53.94,81,0,11.12
291,Taltal,CL,2022-07-28 00:29:50,-25.4,-70.4833,60.82,78,98,5.14
292,Nome,US,2022-07-28 00:33:44,64.5011,-165.4064,56.16,82,75,8.05
293,Kamenka,RU,2022-07-28 00:34:17,51.3223,42.7678,70.77,63,96,4.05
294,Arlit,NE,2022-07-28 00:31:16,18.7369,7.3853,94.69,20,97,9.4
295,Pospelikha,RU,2022-07-28 00:34:18,51.95,81.7667,65.66,64,52,12.73
296,Xuanhua,CN,2022-07-28 00:34:18,40.6103,115.0447,72.03,71,61,1.5
297,Constitucion,CL,2022-07-28 00:34:19,-35.3333,-72.4167,49.12,80,7,3.04
298,San Andres,CO,2022-07-28 00:34:19,12.5847,-81.7006,84.22,74,75,9.22
299,Jijiga,ET,2022-07-28 00:34:20,9.35,42.8,62.13,65,30,17.25
300,Grindavik,IS,2022-07-28 00:34:20,63.8424,-22.4338,50.47,76,100,24.16
301,Tadine,NC,2022-07-28 00:34:21,-21.55,167.8833,72.46,68,91,12.86
302,Buala,SB,2022-07-28 00:34:21,-8.145,159.5921,85.32,66,14,8.63
303,Weligama,LK,2022-07-28 00:34:22,5.9667,80.4167,75.07,91,92,7.78
304,Lundazi,ZM,2022-07-28 00:34:22,-12.2929,33.1782,54.57,71,56,6.31
305,Tromso,NO,2022-07-28 00:34:23,69.6496,18.957,48.22,87,100,4.61
306,Laguna,US,2022-07-28 00:34:23,38.421,-121.4238,101.14,30,0,9.22
307,Latung,PH,2022-07-28 00:31:11,5.5,120.8833,82.9,71,31,4.36
308,Tuatapere,NZ,2022-07-28 00:34:24,-46.1333,167.6833,44.38,94,100,1.03
309,Iqaluit,CA,2022-07-28 00:34:24,63.7506,-68.5145,55.13,58,75,2.3
310,Porto Torres,IT,2022-07-28 00:34:25,40.835,8.3972,66.38,61,0,3.91
311,Opotiki,NZ,2022-07-28 00:34:25,-38.0833,177.2833,57.33,93,91,13.33
312,Mbaiki,CF,2022-07-28 00:34:26,3.8678,17.9892,69.33,98,100,1.7
313,High Rock,BS,2022-07-28 00:30:59,26.6208,-78.2833,84.22,74,38,12.17
314,Seoul,KR,2022-07-28 00:34:27,37.5683,126.9778,83.77,63,0,10.36
315,Maragogi,BR,2022-07-28 00:35:27,-9.0122,-35.2225,72.55,88,89,4.85
316,Shache,CN,2022-07-28 00:35:27,38.4167,77.2406,84.69,20,1,6.24
317,Kurumkan,RU,2022-07-28 00:35:28,54.3,110.3,55.49,98,100,2.08
318,Cheltenham,GB,2022-07-28 00:35:29,51.9,-2.0833,62.85,73,100,1.99
319,Galveston,US,2022-07-28 00:33:57,29.3669,-94.9669,89.94,70,0,12.66
320,San Patricio,US,2022-07-28 00:35:29,28.017,-97.5169,90.54,58,10,14.36
321,Sinnamary,GF,2022-07-28 00:35:30,5.3833,-52.95,78.26,84,98,4.41
322,Nenjiang,CN,2022-07-28 00:35:30,49.1833,125.2167,76.53,81,100,4.79
323,Belfast,GB,2022-07-28 00:35:31,54.5833,-5.9333,55.22,72,100,2.3
324,Katsuura,JP,2022-07-28 00:35:31,35.1333,140.3,82.42,79,95,11.52
325,Yerbogachen,RU,2022-07-28 00:35:32,61.2767,108.0108,67.59,75,24,9.31
326,Vardo,NO,2022-07-28 00:35:33,70.3705,31.1107,53.58,94,100,5.75
327,Fairbanks,US,2022-07-28 00:32:42,64.8378,-147.7164,61.02,62,40,16.11
328,Anadyr,RU,2022-07-28 00:35:34,64.75,177.4833,52.3,81,75,15.66
329,Rendeux,BE,2022-07-28 00:35:35,50.2342,5.5041,56.95,71,97,4.5
330,Juegang,CN,2022-07-28 00:35:35,32.3174,121.1855,88.92,77,0,3.67
331,Ambilobe,MG,2022-07-28 00:31:51,-13.2,49.05,63.57,91,6,2.37
332,Hobyo,SO,2022-07-28 00:35:36,5.3505,48.5268,74.82,82,100,23.89
333,Sitka,US,2022-07-28 00:35:36,57.0531,-135.33,60.69,72,100,4.61
334,Tacuarembo,UY,2022-07-28 00:32:03,-31.7333,-55.9833,65.71,92,100,5.26
335,Saint-Avold,FR,2022-07-28 00:34:37,49.1027,6.7006,62.22,57,100,10.4
336,Lavrentiya,RU,2022-07-28 00:34:02,65.5833,-171.0,42.04,81,100,7.16
337,Kununurra,AU,2022-07-28 00:35:31,-15.7667,128.7333,71.58,23,5,9.22
338,Port Elizabeth,ZA,2022-07-28 00:35:37,-33.918,25.5701,52.11,100,20,3.44
339,Ust-Kuyga,RU,2022-07-28 00:35:38,70.0167,135.6,77.59,44,100,5.88
340,Morro Bay,US,2022-07-28 00:35:38,35.3658,-120.8499,89.94,71,20,7.0
341,Aksu,CN,2022-07-28 00:31:14,41.1231,80.2644,86.09,24,8,3.38
342,Plettenberg Bay,ZA,2022-07-28 00:35:39,-34.0527,23.3716,55.44,76,0,5.14
343,Henties Bay,NA,2022-07-28 00:35:39,-22.116,14.2845,53.58,81,2,4.43
344,Alihe,CN,2022-07-28 00:32:12,50.5667,123.7167,70.65,93,100,1.23
345,Mogadishu,SO,2022-07-28 00:32:43,2.0371,45.3438,75.47,78,89,15.5
346,Tomatlan,MX,2022-07-28 00:35:40,19.9333,-105.25,81.7,76,100,2.68
347,Santo Antonio Do Ica,BR,2022-07-28 00:35:41,-3.1022,-67.9397,74.66,92,100,1.54
348,Sault Sainte Marie,CA,2022-07-28 00:32:25,46.5168,-84.3333,66.76,87,20,5.75
349,Nileshwar,IN,2022-07-28 00:35:41,12.25,75.1,76.95,89,56,4.65
350,Carutapera,BR,2022-07-28 00:35:42,-1.195,-46.02,75.34,87,100,6.13
351,Faanui,PF,2022-07-28 00:32:20,-16.4833,-151.75,79.16,74,14,26.64
352,Mount Gambier,AU,2022-07-28 00:35:42,-37.8333,140.7667,52.03,70,100,5.28
353,Sakti,IN,2022-07-28 00:35:43,22.0333,82.9667,80.8,79,74,2.04
354,Morros,BR,2022-07-28 00:35:43,-9.4467,-46.3003,71.47,39,0,3.31
355,Chumikan,RU,2022-07-28 00:35:44,54.7183,135.315,70.79,61,0,1.25
356,Husavik,IS,2022-07-28 00:32:25,66.0449,-17.3389,55.54,82,99,11.25
357,Liptovsky Hradok,SK,2022-07-28 00:35:45,49.0396,19.7234,59.74,94,81,2.08
358,Hargeysa,SO,2022-07-28 00:35:46,9.56,44.065,69.4,51,61,27.87
359,Yankton,US,2022-07-28 00:35:46,42.8711,-97.3973,80.11,78,100,0.0
360,Qurayyat,SA,2022-07-28 00:36:46,31.3318,37.3428,77.18,44,0,11.5
361,Abu Samrah,SY,2022-07-28 00:35:14,35.3029,37.1841,77.65,41,0,4.27
362,Bereda,ES,2022-07-28 00:34:51,43.2686,-7.5406,57.58,100,20,1.12
363,Yazd,IR,2022-07-28 00:36:47,31.8972,54.3675,84.31,48,75,9.22
364,Shelburne,CA,2022-07-28 00:36:48,44.0787,-80.2041,72.05,89,35,6.44
365,Changji,CN,2022-07-28 00:36:48,44.0167,87.3167,83.19,28,0,4.47
366,Bubaque,GW,2022-07-28 00:36:49,11.2833,-15.8333,80.13,77,100,9.82
367,Nanortalik,GL,2022-07-28 00:33:18,60.1432,-45.2371,42.51,86,95,7.63
368,Okato,NZ,2022-07-28 00:36:49,-39.2,173.8833,56.17,83,86,15.66
369,Nuuk,GL,2022-07-28 00:36:50,64.1835,-51.7216,41.88,93,20,10.0
370,Flinders,AU,2022-07-28 00:36:50,-34.5833,150.8552,64.38,59,10,8.01
371,Tchollire,CM,2022-07-28 00:36:51,8.4022,14.1698,68.77,96,100,1.81
372,Solnechnyy,RU,2022-07-28 00:36:51,50.7214,136.6319,76.5,63,100,4.05
373,Comodoro Rivadavia,AR,2022-07-28 00:32:10,-45.8667,-67.5,44.46,53,0,12.66
374,Salalah,OM,2022-07-28 00:36:03,17.0151,54.0924,77.09,94,100,9.22
375,Morondava,MG,2022-07-28 00:36:52,-20.2833,44.2833,65.37,76,0,7.16
376,Boundiali,CI,2022-07-28 00:36:53,9.5217,-6.4869,69.19,94,13,5.7
377,Dunda,TZ,2022-07-28 00:36:53,-8.1167,34.25,56.52,82,10,2.1
378,Aleksandrovka,UA,2022-07-28 00:36:54,46.8383,32.7612,69.4,71,8,3.65
379,Coquimbo,CL,2022-07-28 00:36:54,-29.9533,-71.3436,55.13,94,0,3.44
380,Port Shepstone,ZA,2022-07-28 00:34:53,-30.7414,30.455,63.41,82,100,5.41
381,Rosetta,EG,2022-07-28 00:36:54,31.4044,30.4164,77.13,73,0,4.7
382,Mishkino,RU,2022-07-28 00:36:55,55.3389,63.9175,55.54,88,100,8.61
383,Sept-Iles,CA,2022-07-28 00:35:22,50.2001,-66.3821,73.4,66,40,11.5
384,Merauke,ID,2022-07-28 00:36:56,-8.4667,140.3333,80.51,77,96,16.02
385,Namatanai,PG,2022-07-28 00:36:56,-3.6667,152.4333,84.25,68,96,11.5
386,Mayor Pablo Lagerenza,PY,2022-07-28 00:36:57,-19.9309,-60.7718,75.54,34,0,6.26
387,Iranshahr,IR,2022-07-28 00:36:57,27.2025,60.6848,84.54,61,0,6.91
388,Khandagayty,RU,2022-07-28 00:36:58,50.7333,92.05,59.65,51,1,2.24
389,Constantine,DZ,2022-07-28 00:36:58,36.365,6.6147,72.81,64,0,4.61
390,Oshakati,NA,2022-07-28 00:36:59,-17.7833,15.6833,57.22,30,25,8.28
391,Samarai,PG,2022-07-28 00:36:59,-10.6167,150.6667,78.67,85,97,12.55
392,Shizuishan,CN,2022-07-28 00:37:00,39.2333,106.7694,80.62,29,6,13.11
393,Whitianga,NZ,2022-07-28 00:32:01,-36.8333,175.7,59.72,82,35,17.09
394,Aracoiaba,BR,2022-07-28 00:37:00,-4.3711,-38.8142,71.44,90,11,1.97
395,Mizdah,LY,2022-07-28 00:37:01,31.4451,12.9801,74.62,43,0,3.53
396,Sovetskiy,RU,2022-07-28 00:37:01,61.3614,63.5842,58.3,65,0,3.02
397,Jimma,ET,2022-07-28 00:37:02,7.6667,36.8333,59.77,98,100,1.74
398,Christchurch,NZ,2022-07-28 00:35:20,-43.5333,172.6333,49.91,96,100,3.44
399,Saint-Augustin,CA,2022-07-28 00:37:03,51.226,-58.6502,57.92,88,72,5.77
400,Hasaki,JP,2022-07-28 00:37:03,35.7333,140.8333,86.4,81,66,15.01
401,Leshukonskoye,RU,2022-07-28 00:37:04,64.8989,45.7622,60.06,86,7,6.42
402,Cienfuegos,CU,2022-07-28 00:37:04,22.1461,-80.4356,84.34,74,100,5.75
403,Bay Roberts,CA,2022-07-28 00:37:04,47.5999,-53.2648,67.75,92,11,3.0
404,Heinola,FI,2022-07-28 00:37:05,61.2056,26.0381,57.0,98,27,4.07
405,Cidreira,BR,2022-07-28 00:38:05,-30.1811,-50.2056,60.73,86,100,6.89
406,Ust-Maya,RU,2022-07-28 00:38:06,60.4167,134.5333,81.52,47,95,2.39
407,Noumea,NC,2022-07-28 00:35:10,-22.2763,166.4572,75.99,99,100,5.03
408,Gresham,US,2022-07-28 00:38:07,45.4982,-122.4315,98.65,37,0,6.91
409,Lufilufi,WS,2022-07-28 00:38:07,-13.8745,-171.5986,83.98,65,30,16.13
410,Mnogovershinnyy,RU,2022-07-28 00:38:07,53.9353,139.9242,70.18,56,7,2.3
411,Ulfborg,DK,2022-07-28 00:38:08,56.2673,8.3217,53.98,76,23,14.52
412,Linfen,CN,2022-07-28 00:38:09,36.0889,111.5189,76.75,59,0,1.52
413,Male,MV,2022-07-28 00:38:09,4.1748,73.5089,82.35,83,75,9.22
414,Biak,ID,2022-07-28 00:38:10,-0.9131,122.8766,78.08,83,80,7.72
415,Caravelas,BR,2022-07-28 00:34:16,-17.7125,-39.2481,68.79,83,4,2.84
416,Bagdarin,RU,2022-07-28 00:38:10,54.4333,113.6,55.8,95,100,3.11
417,Juneau,US,2022-07-28 00:33:54,58.3019,-134.4197,68.85,81,100,3.44
418,Cascais,PT,2022-07-28 00:38:11,38.6979,-9.4215,67.93,71,0,35.01
419,Bengkulu,ID,2022-07-28 00:34:07,-3.8004,102.2655,78.48,79,39,3.67
420,Maraba,BR,2022-07-28 00:38:12,-5.3686,-49.1178,77.18,73,0,1.14
421,Sorland,NO,2022-07-28 00:38:12,67.667,12.6934,49.86,79,14,13.09
422,Kikwit,CD,2022-07-28 00:38:13,-5.041,18.8162,72.34,35,40,1.12
423,Campoverde,PE,2022-07-28 00:38:13,-8.4753,-74.8058,80.29,61,100,1.57
424,Kinloss,GB,2022-07-28 00:38:14,57.6349,-3.5701,58.32,84,100,5.75
425,Klaksvik,FO,2022-07-28 00:38:14,62.2266,-6.589,52.72,93,70,13.56
426,Pelym,RU,2022-07-28 00:38:15,61.0108,61.9978,61.16,65,98,3.44
427,Cumberland,US,2022-07-28 00:34:45,35.0502,-78.8664,90.0,60,0,12.66
428,Atar,MR,2022-07-28 00:38:15,20.5169,-13.0499,98.94,15,6,21.07
429,Don Sak,TH,2022-07-28 00:38:16,9.3168,99.6918,80.49,82,100,5.77
430,Woodward,US,2022-07-28 00:38:16,36.4337,-99.3904,94.23,38,0,10.36
431,Sao Joao Da Barra,BR,2022-07-28 00:38:17,-21.6403,-41.0511,69.4,80,0,9.8
432,Itarema,BR,2022-07-28 00:38:17,-2.9248,-39.9167,79.05,77,100,14.61
433,Agadez,NE,2022-07-28 00:38:18,19.75,10.25,87.24,14,86,6.17
434,Jatai,BR,2022-07-28 00:38:18,-17.8814,-51.7144,66.79,34,0,5.57
435,Bonthe,SL,2022-07-28 00:33:41,7.5264,-12.505,74.44,91,99,5.59
436,Astaneh-Ye Ashrafiyeh,IR,2022-07-28 00:38:19,37.2596,49.9444,75.13,88,72,1.92
437,Chapais,CA,2022-07-28 00:35:02,49.7834,-74.8492,67.78,92,100,3.53
438,Doha,QA,2022-07-28 00:38:20,25.2867,51.5333,91.29,72,40,13.8
439,Poronaysk,RU,2022-07-28 00:38:20,49.2167,143.1167,59.56,88,97,5.7
440,Kuala Terengganu,MY,2022-07-28 00:38:21,5.3302,103.1408,76.95,88,20,3.44
441,San Fernando,PH,2022-07-28 00:38:21,15.0286,120.6898,83.93,74,95,2.28
442,Guerrero Negro,MX,2022-07-28 00:35:36,27.9769,-114.0611,72.82,70,45,16.82
443,Adana,TR,2022-07-28 00:38:22,36.985,35.2881,77.52,88,0,2.3
444,Norton,ZW,2022-07-28 00:38:22,-17.8833,30.7,50.58,77,0,5.7
445,Vao,NC,2022-07-28 00:38:23,-22.6667,167.4833,69.22,69,100,7.25
446,Batagay-Alyta,RU,2022-07-28 00:38:23,67.8006,130.4114,77.67,47,70,4.83
447,Richards Bay,ZA,2022-07-28 00:33:56,-28.783,32.0377,66.25,84,92,6.53
448,Luanda,AO,2022-07-28 00:37:25,-8.8368,13.2343,69.01,88,100,3.83
449,Sakakah,SA,2022-07-28 00:38:24,29.9697,40.2064,87.37,13,3,10.6
450,Wanaka,NZ,2022-07-28 00:38:25,-44.7,169.15,46.11,86,96,1.01
451,Lewistown,US,2022-07-28 00:39:17,40.5992,-77.5714,77.63,100,75,0.0
452,Kawalu,ID,2022-07-28 00:39:26,-7.3817,108.2082,75.9,84,77,2.75
453,Mount Isa,AU,2022-07-28 00:36:32,-20.7333,139.5,67.77,26,0,10.36
454,Koshurnikovo,RU,2022-07-28 00:39:27,54.1667,93.3,57.25,63,0,2.33
455,Hamilton,US,2022-07-28 00:39:27,39.1834,-84.5333,81.23,83,51,3.0
456,Atambua,ID,2022-07-28 00:39:28,-9.1061,124.8925,76.87,53,73,5.37
457,Panzhihua,CN,2022-07-28 00:39:08,26.5851,101.7128,72.57,85,61,1.23
458,Ternate,ID,2022-07-28 00:39:28,0.8,127.4,81.81,78,97,3.18
459,Odweyne,SO,2022-07-28 00:39:29,9.4092,45.064,71.47,48,42,17.87
460,Pitimbu,BR,2022-07-28 00:39:29,-7.4706,-34.8086,73.99,79,93,8.93
461,Okhotsk,RU,2022-07-28 00:39:29,59.3833,143.3,64.15,79,25,2.06
462,Gizo,SB,2022-07-28 00:39:30,-8.103,156.8419,84.25,68,2,8.05
463,Iztapa,GT,2022-07-28 00:39:30,13.9333,-90.7075,84.25,84,40,0.0
464,Yerky,UA,2022-07-28 00:39:31,48.9906,30.9882,64.92,71,99,10.0
465,Srandakan,ID,2022-07-28 00:39:31,-7.9386,110.2506,78.53,80,59,4.5
466,Vestmannaeyjar,IS,2022-07-28 00:39:32,63.4427,-20.2734,52.21,80,86,15.12
467,Elesbao Veloso,BR,2022-07-28 00:39:32,-6.2019,-42.1403,82.71,36,100,7.23
468,Ndjole,GA,2022-07-28 00:39:32,-0.1783,10.7649,72.27,87,57,3.78
469,Polyarnyy,RU,2022-07-28 00:39:33,69.1989,33.4478,55.53,88,3,11.01
470,Lakatoro,VU,2022-07-28 00:39:33,-16.0999,167.4164,82.9,70,87,6.6
471,Mopipi,BW,2022-07-28 00:39:34,-21.1833,24.8833,55.87,43,0,9.33
472,Muscat,OM,2022-07-28 00:36:40,23.6139,58.5922,82.42,74,96,4.16
473,Itanhem,BR,2022-07-28 00:39:35,-17.1664,-40.33,64.63,89,39,4.56
474,The Valley,AI,2022-07-28 00:39:35,18.217,-63.0578,82.26,73,0,19.77
475,Gonbad-E Qabus,IR,2022-07-28 00:39:36,37.25,55.1672,77.95,78,81,6.4
476,Celestun,MX,2022-07-28 00:39:36,20.8667,-90.4,83.7,72,76,12.26
477,Stranda,NO,2022-07-28 00:39:37,62.3096,6.9358,50.34,96,88,1.57
478,Bara,NG,2022-07-28 00:39:37,10.3744,10.7288,70.77,97,100,5.46
479,Port Blair,IN,2022-07-28 00:39:37,11.6667,92.75,80.64,83,75,2.3
480,Russell,US,2022-07-28 00:39:38,32.3502,-85.1999,89.2,62,0,4.61
481,Kefamenanu,ID,2022-07-28 00:39:38,-9.4467,124.4781,76.19,58,27,11.74
482,Piacabucu,BR,2022-07-28 00:39:39,-10.4056,-36.4344,71.56,86,21,6.35
483,Ngunguru,NZ,2022-07-28 00:39:40,-35.6167,174.5,61.72,75,71,16.17
484,Timbiqui,CO,2022-07-28 00:39:40,2.7717,-77.6654,74.93,91,43,1.92
485,Gweta,BW,2022-07-28 00:39:40,-20.1833,25.2333,56.23,38,0,7.31
486,Bousso,TD,2022-07-28 00:39:41,10.4795,16.7117,71.96,92,100,3.06
487,Escanaba,US,2022-07-28 00:39:41,45.7453,-87.0646,73.71,68,20,5.75
488,Beyneu,KZ,2022-07-28 00:39:42,45.3167,55.2,80.53,42,94,6.11
489,Baijiantan,CN,2022-07-28 00:39:42,45.6333,85.1833,85.96,14,0,8.1
490,Verkhoyansk,RU,2022-07-28 00:39:43,67.5447,133.385,79.86,42,98,3.71
491,San Cristobal,VE,2022-07-28 00:39:44,7.7669,-72.225,69.98,95,27,2.33
492,Copiapo,CL,2022-07-28 00:39:27,-27.3667,-70.3333,51.49,64,100,0.38
493,Mindyak,RU,2022-07-28 00:39:44,54.0231,58.7891,50.43,87,87,4.7
494,Taoudenni,ML,2022-07-28 00:39:45,22.6783,-3.9836,99.12,6,5,16.2
495,Porbandar,IN,2022-07-28 00:40:46,21.6422,69.6093,80.65,81,88,6.67
496,Uray,RU,2022-07-28 00:40:46,60.1247,64.7758,57.06,75,24,4.03
497,Jati,PK,2022-07-28 00:40:46,24.3539,68.2671,80.35,85,56,10.18
498,Nhulunbuy,AU,2022-07-28 00:40:47,-12.2333,136.7667,81.21,61,40,19.57
499,Yigou,CN,2022-07-28 00:40:47,35.8114,114.3167,75.9,89,100,9.69
500,Kletnya,RU,2022-07-28 00:40:48,53.3897,33.2171,59.43,97,46,4.14
501,Annau,TM,2022-07-28 00:40:48,37.8876,58.516,81.9,39,40,2.3
502,Muli,MV,2022-07-28 00:40:48,2.9167,73.5667,82.36,74,100,15.21
503,Poum,NC,2022-07-28 00:40:49,-20.2333,164.0167,73.65,67,100,14.97
504,Aldan,RU,2022-07-28 00:40:50,58.6031,125.3894,79.45,51,6,1.28
505,Abay,KZ,2022-07-28 00:40:51,49.6311,72.8539,53.98,43,53,2.46
506,North Bend,US,2022-07-28 00:40:51,43.4065,-124.2243,69.93,89,100,6.91
507,Siavonga,ZM,2022-07-28 00:40:51,-16.5382,28.7088,61.61,72,3,2.64
508,Mulege,MX,2022-07-28 00:40:52,26.8833,-111.9833,89.4,55,34,4.94
509,Aitape,PG,2022-07-28 00:40:52,-3.1374,142.3475,84.94,69,24,3.83
510,Tepezala,MX,2022-07-28 00:40:53,22.2167,-102.1667,71.6,41,95,10.47
511,Gabu,GW,2022-07-28 00:40:53,12.2833,-14.2167,73.02,98,100,3.67
512,Xalpatlahuac,MX,2022-07-28 00:40:54,17.4667,-98.6167,62.85,95,100,5.14
513,Erenhot,CN,2022-07-28 00:40:54,43.6475,111.9767,79.23,24,33,7.25
514,Mikkeli,FI,2022-07-28 00:40:55,61.6886,27.2723,59.11,88,75,4.61
515,Batagay,RU,2022-07-28 00:40:55,67.6333,134.6333,79.34,40,47,1.52
516,Ribas Do Rio Pardo,BR,2022-07-28 00:40:56,-20.4431,-53.7592,71.76,34,1,2.26
517,Gatton,AU,2022-07-28 00:40:56,-27.55,152.2833,63.64,42,1,1.7
518,Mihalaseni,RO,2022-07-28 00:40:57,47.8833,27.0667,66.72,72,100,4.09
519,Banda Aceh,ID,2022-07-28 00:40:57,5.5577,95.3222,79.02,79,92,2.77
520,Komsomolskiy,UZ,2022-07-28 00:40:58,40.4272,71.7189,83.12,39,5,6.91
521,Kenai,US,2022-07-28 00:40:58,60.5544,-151.2583,68.05,37,0,8.05
522,Eyrarbakki,IS,2022-07-28 00:40:59,63.863,-21.1481,50.05,82,100,18.57
523,Sibenik,HR,2022-07-28 00:40:59,43.7272,15.9058,75.38,61,100,5.01
524,Magadan,RU,2022-07-28 00:41:00,59.5667,150.8,69.53,60,92,3.49
525,Etawah,IN,2022-07-28 00:41:00,26.7769,79.0239,84.54,72,100,5.19
526,Marfino,RU,2022-07-28 00:41:01,55.7028,37.3822,68.34,77,0,4.47
527,Kathmandu,NP,2022-07-28 00:36:16,27.7167,85.3167,68.22,100,100,0.0
528,Zatoka,UA,2022-07-28 00:41:01,46.0725,30.4654,73.11,76,11,9.66
529,Novyye Burasy,RU,2022-07-28 00:41:02,52.1324,46.0714,64.24,84,0,5.1
530,Gulmarg,IN,2022-07-28 00:41:02,34.049,74.3921,57.49,96,100,1.97
531,Suntar,RU,2022-07-28 00:41:03,62.1444,117.6319,84.0,44,0,9.08
532,Gari,RU,2022-07-28 00:41:03,59.4307,62.3497,55.17,79,12,4.63
533,Amahai,ID,2022-07-28 00:41:04,-3.3333,128.9167,77.41,91,100,11.05
534,Rafai,CF,2022-07-28 00:41:04,4.95,23.9167,67.91,99,100,2.59
535,Huarmey,PE,2022-07-28 00:41:05,-10.0681,-78.1522,63.05,85,36,10.76
536,Ende,ID,2022-07-28 00:41:05,-8.8432,121.6623,79.86,64,76,2.42
537,Viedma,AR,2022-07-28 00:41:06,-40.8135,-62.9967,44.91,89,60,10.47
538,Marawi,PH,2022-07-28 00:41:06,7.9986,124.2928,78.71,72,89,1.36
539,Shushenskoye,RU,2022-07-28 00:41:06,53.325,91.9356,60.55,63,15,4.0
540,Lerwick,GB,2022-07-28 00:42:07,60.1545,-1.1494,53.6,77,12,5.21
541,Gaoua,BF,2022-07-28 00:42:07,10.2992,-3.2508,74.64,80,35,6.87
542,Kondinskoye,RU,2022-07-28 00:38:07,59.6481,67.41,56.23,77,100,7.18
543,Jizan,SA,2022-07-28 00:42:08,17.3333,42.6667,83.34,57,100,3.04
544,Port Moresby,PG,2022-07-28 00:42:08,-9.4431,147.1797,83.62,74,20,19.57
545,Losevo,RU,2022-07-28 00:42:09,50.6767,40.045,65.23,80,2,3.22
546,Novaya Ladoga,RU,2022-07-28 00:42:10,60.1025,32.3019,58.77,90,100,5.79
547,Ghanzi,BW,2022-07-28 00:42:10,-21.5667,21.7833,58.23,32,8,10.49
548,Moerai,PF,2022-07-28 00:42:11,-22.4333,-151.3333,71.69,71,98,24.43
549,Nishihara,JP,2022-07-28 00:42:11,26.1842,127.7558,85.68,79,40,9.22
550,Khomeyn,IR,2022-07-28 00:42:11,33.6423,50.0789,76.98,31,57,1.97
551,Kerchevskiy,RU,2022-07-28 00:42:12,59.946,56.2884,53.6,80,35,2.91
552,Lodja,CD,2022-07-28 00:42:12,-3.4833,23.4333,70.68,84,50,1.52
